Workbook

Sheet Справочник
A1: Линия | B1: Всего человек | E1: Линия | F1: Специальность | G1: Колво | H1: 1 смена | I1: Компетенция | J1: Статус | K1: 2 смена | L1: Компетенция 2 | M1: Статус 2 | N1: 3 смена | O1: Компетенция 3 | P1: Статус 3 | Q1: 4 смена | R1: Компетенция 4 | S1: Статус 4
A2: Линия 1–2 | B2: 8 | E2: Линия 3 | F2: Оператор - наладчик | G2: 1 | H2: Никитин Н. А. | I2: Оператор упаковщик, Оператор этикетки | K2: Костылев К. | N2: Кузнецов В. Ю. | Q2: Юров Р. А.
A3: Линия 3 | B3: 8 | E3: Линия 3 | F3: Оператор Депаллетайзера | G3: 1 | H3: Петелина О. С. | K3: Мурлыкина Н. В. | N3: Колянникова А. А. | Q3: Васин Д.
A4: Линия 4 | B4: 7 | E4: Линия 3 | F4: Оператор упаковщик | G4: 1 | H4: Костиков А. | K4: Докукин И. Н. | N4: Коробкин К. И. | Q4: Рахимзода А.
A5: Линия 5 | B5: 8 | E5: Линия 3 | F5: Оператор этикетки | G5: 1 | H5: Селуянова С. А. | K5: Ананьева Л. В. | N5: Митичкина Г. А. | Q5: Чумичёва О. С.
A6: Линия 6 | B6: 10 | E6: Линия 3 | F6: Подсобник | G6: 4 | H6: Иванов С.,Набиева Э. | K6: Нуриддинова Н. | Q6: Бурмистрова Е.
A7: Линия 7 | B7: 4 | E7: Линия 10 | F7: Оператор - наладчик | G7: 1 | K7: Бекташева Х. | N7: Борча С. А. | Q7: Шахов Н. С.
A8: Линия 8 | B8: 4 | E8: Линия 10 | F8: Оператор этикетки | G8: 1 | K8: Мурлыкина Р. С. | N8: Фандеева Т. В.
A9: Линия 9 | B9: 10 | E9: Линия 10 | F9: Подсобник | G9: 1
A10: Линия 10 | B10: 4 | E10: Линия 10 | F10: Подсобник лотки | G10: 1 | H10: Камакина Т. Л. | K10: Замосковная А. Н. | N10: Пенькова К.
A11: Линия 11 | B11: 8 | E11: Линия 11 | F11: Оператор - наладчик | G11: 1 | Q11: Булавинцева А.
A12: Соусы | B12: 3 | E12: Линия 11 | F12: Оператор Депаллетайзера | G12: 1
A13: Итого | B13: 69 | E13: Линия 11 | F13: Оператор Паллетайзера | G13: 1
E14: Линия 11 | F14: Оператор упаковщик | G14: 1
E15: Линия 11 | F15: Оператор этикетки | G15: 1
E16: Линия 11 | F16: Подсобник | G16: 3
E17: Линия 1-2 | F17: Оператор - наладчик | G17: 1 | H17: Ревякин А. М. | K17: Борняков С. В. | N17: Масалов С. И. | Q17: Гордеева О. А.
E18: Линия 1-2 | F18: Оператор Депаллетайзера | G18: 1 | H18: Набиева Р. | K18: Козлова М. Н. | N18: Маркина Е. Н. | Q18: Мирза Е. А.
E19: Линия 1-2 | F19: Оператор упаковщик | G19: 1
E20: Линия 1-2 | F20: Оператор этикетки | G20: 1 | H20: Саврук М. Ю. | K20: Меркулова А. В. | N20: Молокова С. И. | Q20: Миронова Е.
E21: Линия 1-2 | F21: Подсобник | G21: 4 | H21: Смирнова Н. В. | K21: Шаруева | N21: Ковальчук В. Г.,Возняк С. М. | Q21: Беликова Г.
E22: Линия 4 | F22: Оператор - наладчик | G22: 1 | H22: Чекулаев Д. М. | K22: Костылев А. | Q22: Фетисов Д. С.
E23: Линия 4 | F23: Оператор Депаллетайзера | G23: 1 | K23: Курбатова Е. А. | Q23: Лисицкая Т. Ф.
E24: Линия 4 | F24: Оператор упаковщик | G24: 1
E25: Линия 4 | F25: Оператор этикетки | G25: 1 | H25: Абрамова Е. Н. | K25: Горбунова Е. В. | N25: Косарева В. В. | Q25: Киреева А.
E26: Линия 4 | F26: Подсобник | G26: 3 | K26: Нуриддинова М. | Q26: Савоськин Р. А.
E27: Линия 5 | F27: Оператор - наладчик | G27: 1 | H27: Волкова С. Р. | K27: Кучерова | N27: Федоров М. С. | Q27: Карпухина Ю.
E28: Линия 5 | F28: Оператор Депаллетайзера | G28: 1 | H28: Лисицкая Е. В. | I28: Подсобник - обмотчик | K28: Саргсян М. | L28: Подсобник - обмотчик | N28: Филимонова О. Г. | O28: Подсобник - обмотчик | Q28: Никишова Н. | R28: Подсобник - обмотчик
E29: Линия 5 | F29: Оператор упаковщик | G29: 1 | H29: Сергеев А. А. | K29: Аванесян А. Б. | N29: Беликов И. Д. | Q29: Сидиков Н.
E30: Линия 5 | F30: Оператор этикетки | G30: 1 | H30: Сергеева М. Ю. | K30: Савушкина Е. | N30: Конова В. С. | Q30: Кулябина Н. А.
E31: Линия 5 | F31: Подсобник | G31: 4 | H31: Лянге Д. В. | K31: Абдулаева Ш.Х | N31: Порогин И. Ю.
E32: Линия 6 | F32: Оператор - наладчик | G32: 1 | H32: Налеткин С.С.
E33: Линия 6 | F33: Оператор упаковщик | G33: 1
E34: Линия 6 | F34: Подсобник | G34: 8
E35: Линия 7 | F35: Оператор - наладчик | G35: 1 | H35: Данелян А. Ф. | K35: Королькевич | Q35: Суховая В.
E36: Линия 7 | F36: Подсобник | G36: 3 | N36: Никифорова Н. Н.
E37: Линия 8 | F37: Оператор упаковщик | G37: 1
E38: Линия 8 | F38: Подсобник | G38: 3
E39: Линия 9 | F39: Оператор - наладчик | G39: 1
E40: Линия 9 | F40: Подсобник | G40: 9
F41: Подсобник день | G41: Жумабоев И., Халилова Д., Назарова М., Назаров Б., Тилепов С., Мухаммадиев С., Аллабергенов О., Худайберганова М., Юлдашева Н.
F42: Подсобник ночь | G42: Кенжебаев Ж., Танирбергенов Д., Нурумбетова Д., Анналыева М., Торебаев Н.
W48: Линия 12 | X48: Ингредиентщица | Y48: 0 | Z48: - | AC48: Хандак Ю.А. | AF48: Каверина Л. | AI48: -
W49: Линия 12 | X49: Оператор асептической установки | Y49: 2 | Z49: Балашов Т., Дорошин А. | AC49: Семенов Э. | AF49: Годжаев Х.П., Малюгин А. | AI49: Новиков А.Р.
W50: Линия 12 | X50: Оператор купажного отделения | Y50: 3 | Z50: Дзортов С., Дунаев А.В., Коренев М. | AC50: Одинаев З. | AF50: Корнеев Д.А., Холин Ю., Чукин Н., Патенко М.М. | AI50: Алланиязов М., Худайбергенов О., Лупаков В.М., Фирсанов А.
W51: Линия 12 | X51: Оператор пастеризационной установки | Y51: 0 | Z51: - | AC51: - | AF51: Павлов И. | AI51: -
W52: Линия 12 | X52: Технолог | Y52: 2 | Z52: Леонова Е., Устинова Е.П. | AC52: Лебедева Е.В., Малыгина А.В. | AF52: Маркина Н., Макашова Е.С. | AI52: Андриянов И.С., Тосунян И.Н.

Sheet Линия 1
A1: Линия розлива №1
A2: Дата начала | B2: Дата конца | C2: Длительность | D2: Скорость | E2: Наименование | F2: Количество | G2: Шт. в поддоне | H2: Кол-во поддоном
C3: =IF(E3="Вытеснение",TIME(0,30,0), IF(E3="Передача смены",TIME(0,20,0), IF(E3="Запуск",TIME(0,30,0), IF(E3="Смена ассортимента",TIME(0,15,0), IF(E3="Переналадка формата",TIME(1,0,0), IF(E3="CIP 1",TIME(0,40,0), IF(E3="CIP 2",TIME(4,0,0), IF(E3="CIP 3",TIME(5,0,0), IF(AND(ISNUMBER(F3),ISNUMBER(D3),D3>0),F3/D3/24,"Ошибка"))))))))) -> 0.45833333 | D3: 1000 | F3: 11000 | G3: 300 | H3: =Линия1[[#This Row],[Количество]]/Линия1[[#This Row],[Шт. в поддоне]] -> 36.666667
A4: ='Линия 2'!B70 -> 46052.735 | B4: =Линия1[[#This Row],[Дата начала]]+Линия1[[#This Row],[Длительность]] -> 46052.902 | C4: =IF(E4="Вытеснение",TIME(0,30,0), IF(E4="Передача смены",TIME(0,20,0), IF(E4="Запуск",TIME(0,30,0), IF(E4="Смена ассортимента",TIME(0,15,0), IF(E4="Переналадка формата",TIME(1,0,0), IF(E4="CIP 1",TIME(0,40,0), IF(E4="CIP 2",TIME(4,0,0), IF(E4="CIP 3",TIME(5,0,0), IF(AND(ISNUMBER(F4),ISNUMBER(D4),D4>0),F4/D4/24,"Ошибка"))))))))) -> 0.16666667 | E4: CIP 2 | H4: =IFERROR(Линия1[[#This Row],[Количество]]/Линия1[[#This Row],[Шт. в поддоне]], "")
A5: =B4 -> 46052.902 | B5: =Линия1[[#This Row],[Дата начала]]+Линия1[[#This Row],[Длительность]] -> 46053.36 | C5: =IF(E5="Вытеснение",TIME(0,30,0), IF(E5="Передача смены",TIME(0,20,0), IF(E5="Запуск",TIME(0,30,0), IF(E5="Смена ассортимента",TIME(0,15,0), IF(E5="Переналадка формата",TIME(1,0,0), IF(E5="CIP 1",TIME(0,40,0), IF(E5="CIP 2",TIME(4,0,0), IF(E5="CIP 3",TIME(5,0,0), IF(AND(ISNUMBER(F5),ISNUMBER(D5),D5>0),F5/D5/24,"Ошибка"))))))))) -> 0.45833333 | D5: 1000 | E5: Сок Яблоко 1,8 л ТМ «Полезный Сок» | F5: 11000 | G5: 300 | H5: =IFERROR(Линия1[[#This Row],[Количество]]/Линия1[[#This Row],[Шт. в поддоне]], "") -> 36.666667
A6: =B5 -> 46053.36 | B6: =Линия1[[#This Row],[Дата начала]]+Линия1[[#This Row],[Длительность]] -> 46053.527 | C6: =IF(E6="Вытеснение",TIME(0,30,0), IF(E6="Передача смены",TIME(0,20,0), IF(E6="Запуск",TIME(0,30,0), IF(E6="Смена ассортимента",TIME(0,15,0), IF(E6="Переналадка формата",TIME(1,0,0), IF(E6="CIP 1",TIME(0,40,0), IF(E6="CIP 2",TIME(4,0,0), IF(E6="CIP 3",TIME(5,0,0), IF(AND(ISNUMBER(F6),ISNUMBER(D6),D6>0),F6/D6/24,"Ошибка"))))))))) -> 0.16666667 | E6: CIP 2 | H6: =IFERROR(Линия1[[#This Row],[Количество]]/Линия1[[#This Row],[Шт. в поддоне]], "")
A7: =B6 -> 46053.527 | B7: =Линия1[[#This Row],[Дата начала]]+Линия1[[#This Row],[Длительность]] -> 46053.985 | C7: =IF(E7="Вытеснение",TIME(0,30,0), IF(E7="Передача смены",TIME(0,20,0), IF(E7="Запуск",TIME(0,30,0), IF(E7="Смена ассортимента",TIME(0,15,0), IF(E7="Переналадка формата",TIME(1,0,0), IF(E7="CIP 1",TIME(0,40,0), IF(E7="CIP 2",TIME(4,0,0), IF(E7="CIP 3",TIME(5,0,0), IF(AND(ISNUMBER(F7),ISNUMBER(D7),D7>0),F7/D7/24,"Ошибка"))))))))) -> 0.45833333 | D7: 1000 | E7: Сок Морковь 1,8 л ТМ «Полезный Сок» | F7: 11000 | G7: 300 | H7: =IFERROR(Линия1[[#This Row],[Количество]]/Линия1[[#This Row],[Шт. в поддоне]], "") -> 36.666667
A8: =B7 -> 46053.985 | B8: =Линия1[[#This Row],[Дата начала]]+Линия1[[#This Row],[Длительность]] -> 46054.152 | C8: =IF(E8="Вытеснение",TIME(0,30,0), IF(E8="Передача смены",TIME(0,20,0), IF(E8="Запуск",TIME(0,30,0), IF(E8="Смена ассортимента",TIME(0,15,0), IF(E8="Переналадка формата",TIME(1,0,0), IF(E8="CIP 1",TIME(0,40,0), IF(E8="CIP 2",TIME(4,0,0), IF(E8="CIP 3",TIME(5,0,0), IF(AND(ISNUMBER(F8),ISNUMBER(D8),D8>0),F8/D8/24,"Ошибка"))))))))) -> 0.16666667 | E8: CIP 2 | H8: =IFERROR(Линия1[[#This Row],[Количество]]/Линия1[[#This Row],[Шт. в поддоне]], "")
A9: =B8 -> 46054.152 | B9: =Линия1[[#This Row],[Дата начала]]+Линия1[[#This Row],[Длительность]] -> 46054.61 | C9: =IF(E9="Вытеснение",TIME(0,30,0), IF(E9="Передача смены",TIME(0,20,0), IF(E9="Запуск",TIME(0,30,0), IF(E9="Смена ассортимента",TIME(0,15,0), IF(E9="Переналадка формата",TIME(1,0,0), IF(E9="CIP 1",TIME(0,40,0), IF(E9="CIP 2",TIME(4,0,0), IF(E9="CIP 3",TIME(5,0,0), IF(AND(ISNUMBER(F9),ISNUMBER(D9),D9>0),F9/D9/24,"Ошибка"))))))))) -> 0.45833333 | D9: 1000 | E9: Сок Тыква 1,8 л ТМ «Полезный Сок» | F9: 11000 | G9: 300 | H9: =IFERROR(Линия1[[#This Row],[Количество]]/Линия1[[#This Row],[Шт. в поддоне]], "") -> 36.666667
A10: =B9 -> 46054.61 | B10: =Линия1[[#This Row],[Дата начала]]+Линия1[[#This Row],[Длительность]] -> 46054.777 | C10: =IF(E10="Вытеснение",TIME(0,30,0), IF(E10="Передача смены",TIME(0,20,0), IF(E10="Запуск",TIME(0,30,0), IF(E10="Смена ассортимента",TIME(0,15,0), IF(E10="Переналадка формата",TIME(1,0,0), IF(E10="CIP 1",TIME(0,40,0), IF(E10="CIP 2",TIME(4,0,0), IF(E10="CIP 3",TIME(5,0,0), IF(AND(ISNUMBER(F10),ISNUMBER(D10),D10>0),F10/D10/24,"Ошибка"))))))))) -> 0.16666667 | E10: CIP 2 | H10: =IFERROR(Линия1[[#This Row],[Количество]]/Линия1[[#This Row],[Шт. в поддоне]], "")
A11: =B10 -> 46054.777 | B11: =Линия1[[#This Row],[Дата начала]]+Линия1[[#This Row],[Длительность]] -> 46055.235 | C11: =IF(E11="Вытеснение",TIME(0,30,0), IF(E11="Передача смены",TIME(0,20,0), IF(E11="Запуск",TIME(0,30,0), IF(E11="Смена ассортимента",TIME(0,15,0), IF(E11="Переналадка формата",TIME(1,0,0), IF(E11="CIP 1",TIME(0,40,0), IF(E11="CIP 2",TIME(4,0,0), IF(E11="CIP 3",TIME(5,0,0), IF(AND(ISNUMBER(F11),ISNUMBER(D11),D11>0),F11/D11/24,"Ошибка"))))))))) -> 0.45833333 | D11: 1000 | E11: Сок Томат 1,8 л ТМ «Полезный Сок» | F11: 11000 | G11: 300 | H11: =IFERROR(Линия1[[#This Row],[Количество]]/Линия1[[#This Row],[Шт. в поддоне]], "") -> 36.666667
A12: =B11 -> 46055.235 | B12: =Линия1[[#This Row],[Дата начала]]+Линия1[[#This Row],[Длительность]] -> 46055.443 | C12: =IF(E12="Вытеснение",TIME(0,30,0), IF(E12="Передача смены",TIME(0,20,0), IF(E12="Запуск",TIME(0,30,0), IF(E12="Смена ассортимента",TIME(0,15,0), IF(E12="Переналадка формата",TIME(1,0,0), IF(E12="CIP 1",TIME(0,40,0), IF(E12="CIP 2",TIME(4,0,0), IF(E12="CIP 3",TIME(5,0,0), IF(AND(ISNUMBER(F12),ISNUMBER(D12),D12>0),F12/D12/24,"Ошибка"))))))))) -> 0.20833333 | E12: CIP 3 | H12: =IFERROR(Линия1[[#This Row],[Количество]]/Линия1[[#This Row],[Шт. в поддоне]], "")
E13: Переход на линию 2

Sheet Линия 2
A1: Линия розлива №2
A2: Дата начала | B2: Дата конца | C2: Длительность | D2: Скорость | E2: Наименование | F2: Количество | G2: Шт. в поддоне | H2: Кол-во поддоном
A3: =#REF! -> #REF! | B3: =Линия2[[#This Row],[Дата начала]]+Линия2[[#This Row],[Длительность]] -> #REF! | C3: =IF(E3="Вытеснение",TIME(0,30,0), IF(E3="Передача смены",TIME(0,20,0), IF(E3="Запуск",TIME(0,30,0), IF(E3="Смена ассортимента",TIME(0,15,0), IF(E3="Переналадка формата",TIME(5,0,0), IF(E3="CIP 1",TIME(0,40,0), IF(E3="CIP 2",TIME(2,30,0), IF(E3="CIP 3",TIME(3,20,0), IF(AND(ISNUMBER(F3),ISNUMBER(D3),D3>0),F3/D3/24,"Ошибка"))))))))) -> Ошибка
A4: ='Линия 4'!B28 -> 0 | B4: =Линия2[[#This Row],[Дата начала]]+Линия2[[#This Row],[Длительность]] -> 0.10416667 | C4: =IF(E4="Вытеснение",TIME(0,30,0), IF(E4="Передача смены",TIME(0,20,0), IF(E4="Запуск",TIME(0,30,0), IF(E4="Смена ассортимента",TIME(0,15,0), IF(E4="Переналадка формата",TIME(5,0,0), IF(E4="CIP 1",TIME(0,40,0), IF(E4="CIP 2",TIME(2,30,0), IF(E4="CIP 3",TIME(3,20,0), IF(AND(ISNUMBER(F4),ISNUMBER(D4),D4>0),F4/D4/24,"Ошибка"))))))))) -> 0.10416667 | E4: CIP 2 | H4: =IFERROR(Линия2[[#This Row],[Количество]]/Линия2[[#This Row],[Шт. в поддоне]], "")
A5: =B4 -> 0.10416667 | B5: =Линия2[[#This Row],[Дата начала]]+Линия2[[#This Row],[Длительность]] -> 0.61698718 | C5: =IF(E5="Вытеснение",TIME(0,30,0), IF(E5="Передача смены",TIME(0,20,0), IF(E5="Запуск",TIME(0,30,0), IF(E5="Смена ассортимента",TIME(0,15,0), IF(E5="Переналадка формата",TIME(5,0,0), IF(E5="CIP 1",TIME(0,40,0), IF(E5="CIP 2",TIME(2,30,0), IF(E5="CIP 3",TIME(3,20,0), IF(AND(ISNUMBER(F5),ISNUMBER(D5),D5>0),F5/D5/24,"Ошибка"))))))))) -> 0.51282051 | D5: 6500 | E5: Сок Яблоко 0,25 л ТМ «100% Джус» | F5: 80000 | G5: 1728 | H5: =IFERROR(Линия2[[#This Row],[Количество]]/Линия2[[#This Row],[Шт. в поддоне]], "") -> 46.296296
A6: =B5 -> 0.61698718 | B6: =Линия2[[#This Row],[Дата начала]]+Линия2[[#This Row],[Длительность]] -> 0.63782051 | C6: =IF(E6="Вытеснение",TIME(0,30,0), IF(E6="Передача смены",TIME(0,20,0), IF(E6="Запуск",TIME(0,30,0), IF(E6="Смена ассортимента",TIME(0,15,0), IF(E6="Переналадка формата",TIME(5,0,0), IF(E6="CIP 1",TIME(0,40,0), IF(E6="CIP 2",TIME(2,30,0), IF(E6="CIP 3",TIME(3,20,0), IF(AND(ISNUMBER(F6),ISNUMBER(D6),D6>0),F6/D6/24,"Ошибка"))))))))) -> 0.020833333 | E6: Вытеснение | H6: =IFERROR(Линия2[[#This Row],[Количество]]/Линия2[[#This Row],[Шт. в поддоне]], "")
A7: =B6 -> 0.63782051 | B7: =Линия2[[#This Row],[Дата начала]]+Линия2[[#This Row],[Длительность]] -> 0.65865385 | C7: =IF(E7="Вытеснение",TIME(0,30,0), IF(E7="Передача смены",TIME(0,20,0), IF(E7="Запуск",TIME(0,30,0), IF(E7="Смена ассортимента",TIME(0,15,0), IF(E7="Переналадка формата",TIME(5,0,0), IF(E7="CIP 1",TIME(0,40,0), IF(E7="CIP 2",TIME(2,30,0), IF(E7="CIP 3",TIME(3,20,0), IF(AND(ISNUMBER(F7),ISNUMBER(D7),D7>0),F7/D7/24,"Ошибка"))))))))) -> 0.020833333 | E7: Запуск | H7: =IFERROR(Линия2[[#This Row],[Количество]]/Линия2[[#This Row],[Шт. в поддоне]], "")
A8: 45998.146 | B8: =Линия2[[#This Row],[Дата начала]]+Линия2[[#This Row],[Длительность]] -> 46001.223 | C8: =IF(E8="Вытеснение",TIME(0,30,0), IF(E8="Передача смены",TIME(0,20,0), IF(E8="Запуск",TIME(0,30,0), IF(E8="Смена ассортимента",TIME(0,15,0), IF(E8="Переналадка формата",TIME(5,0,0), IF(E8="CIP 1",TIME(0,40,0), IF(E8="CIP 2",TIME(2,30,0), IF(E8="CIP 3",TIME(3,20,0), IF(AND(ISNUMBER(F8),ISNUMBER(D8),D8>0),F8/D8/24,"Ошибка"))))))))) -> 3.0769231 | D8: 6500 | E8: Сок Гранат 0,25 л ТМ «100% Джус» | F8: 480000 | G8: 1728 | H8: =IFERROR(Линия2[[#This Row],[Количество]]/Линия2[[#This Row],[Шт. в поддоне]], "") -> 277.77778
A9: =B8 -> 46001.223 | B9: =Линия2[[#This Row],[Дата начала]]+Линия2[[#This Row],[Длительность]] -> 46001.362 | C9: =IF(E9="Вытеснение",TIME(0,30,0), IF(E9="Передача смены",TIME(0,20,0), IF(E9="Запуск",TIME(0,30,0), IF(E9="Смена ассортимента",TIME(0,15,0), IF(E9="Переналадка формата",TIME(5,0,0), IF(E9="CIP 1",TIME(0,40,0), IF(E9="CIP 2",TIME(2,30,0), IF(E9="CIP 3",TIME(3,20,0), IF(AND(ISNUMBER(F9),ISNUMBER(D9),D9>0),F9/D9/24,"Ошибка"))))))))) -> 0.13888889 | E9: CIP 3 | H9: =IFERROR(Линия2[[#This Row],[Количество]]/Линия2[[#This Row],[Шт. в поддоне]], "")
A10: =B9 -> 46001.362 | B10: =Линия2[[#This Row],[Дата начала]]+Линия2[[#This Row],[Длительность]] -> 46001.382 | C10: =IF(E10="Вытеснение",TIME(0,30,0), IF(E10="Передача смены",TIME(0,20,0), IF(E10="Запуск",TIME(0,30,0), IF(E10="Смена ассортимента",TIME(0,15,0), IF(E10="Переналадка формата",TIME(5,0,0), IF(E10="CIP 1",TIME(0,40,0), IF(E10="CIP 2",TIME(2,30,0), IF(E10="CIP 3",TIME(3,20,0), IF(AND(ISNUMBER(F10),ISNUMBER(D10),D10>0),F10/D10/24,"Ошибка"))))))))) -> 0.020833333 | E10: Запуск | H10: =IFERROR(Линия2[[#This Row],[Количество]]/Линия2[[#This Row],[Шт. в поддоне]], "")
A11: 46001.583 | B11: =Линия2[[#This Row],[Дата начала]]+Линия2[[#This Row],[Длительность]] -> 46002.609 | C11: =IF(E11="Вытеснение",TIME(0,30,0), IF(E11="Передача смены",TIME(0,20,0), IF(E11="Запуск",TIME(0,30,0), IF(E11="Смена ассортимента",TIME(0,15,0), IF(E11="Переналадка формата",TIME(5,0,0), IF(E11="CIP 1",TIME(0,40,0), IF(E11="CIP 2",TIME(2,30,0), IF(E11="CIP 3",TIME(3,20,0), IF(AND(ISNUMBER(F11),ISNUMBER(D11),D11>0),F11/D11/24,"Ошибка"))))))))) -> 1.025641 | D11: 6500 | E11: Нектар Манго 0,25 л ТМ «100% Джус» | F11: 160000 | G11: 1728 | H11: =IFERROR(Линия2[[#This Row],[Количество]]/Линия2[[#This Row],[Шт. в поддоне]], "") -> 92.592593
A12: =B11 -> 46002.609 | B12: =Линия2[[#This Row],[Дата начала]]+Линия2[[#This Row],[Длительность]] -> 46002.713 | C12: =IF(E12="Вытеснение",TIME(0,30,0), IF(E12="Передача смены",TIME(0,20,0), IF(E12="Запуск",TIME(0,30,0), IF(E12="Смена ассортимента",TIME(0,15,0), IF(E12="Переналадка формата",TIME(5,0,0), IF(E12="CIP 1",TIME(0,40,0), IF(E12="CIP 2",TIME(2,30,0), IF(E12="CIP 3",TIME(3,20,0), IF(AND(ISNUMBER(F12),ISNUMBER(D12),D12>0),F12/D12/24,"Ошибка"))))))))) -> 0.10416667 | E12: CIP 2 | H12: =IFERROR(Линия2[[#This Row],[Количество]]/Линия2[[#This Row],[Шт. в поддоне]], "")
A13: =B12 -> 46002.713 | B13: =Линия2[[#This Row],[Дата начала]]+Линия2[[#This Row],[Длительность]] -> 46002.734 | C13: =IF(E13="Вытеснение",TIME(0,30,0), IF(E13="Передача смены",TIME(0,20,0), IF(E13="Запуск",TIME(0,30,0), IF(E13="Смена ассортимента",TIME(0,15,0), IF(E13="Переналадка формата",TIME(5,0,0), IF(E13="CIP 1",TIME(0,40,0), IF(E13="CIP 2",TIME(2,30,0), IF(E13="CIP 3",TIME(3,20,0), IF(AND(ISNUMBER(F13),ISNUMBER(D13),D13>0),F13/D13/24,"Ошибка"))))))))) -> 0.020833333 | E13: Запуск | H13: =IFERROR(Линия2[[#This Row],[Количество]]/Линия2[[#This Row],[Шт. в поддоне]], "")
A14: 46002.958 | B14: =Линия2[[#This Row],[Дата начала]]+Линия2[[#This Row],[Длительность]] -> 46004.24 | C14: =IF(E14="Вытеснение",TIME(0,30,0), IF(E14="Передача смены",TIME(0,20,0), IF(E14="Запуск",TIME(0,30,0), IF(E14="Смена ассортимента",TIME(0,15,0), IF(E14="Переналадка формата",TIME(5,0,0), IF(E14="CIP 1",TIME(0,40,0), IF(E14="CIP 2",TIME(2,30,0), IF(E14="CIP 3",TIME(3,20,0), IF(AND(ISNUMBER(F14),ISNUMBER(D14),D14>0),F14/D14/24,"Ошибка"))))))))) -> 1.2820513 | D14: 6500 | E14: Нектар Банан-Киви 0,25 л ТМ «100% Джус» | F14: 200000 | G14: 1728 | H14: =IFERROR(Линия2[[#This Row],[Количество]]/Линия2[[#This Row],[Шт. в поддоне]], "") -> 115.74074
A15: =B14 -> 46004.24 | B15: =Линия2[[#This Row],[Дата начала]]+Линия2[[#This Row],[Длительность]] -> 46004.345 | C15: =IF(E15="Вытеснение",TIME(0,30,0), IF(E15="Передача смены",TIME(0,20,0), IF(E15="Запуск",TIME(0,30,0), IF(E15="Смена ассортимента",TIME(0,15,0), IF(E15="Переналадка формата",TIME(5,0,0), IF(E15="CIP 1",TIME(0,40,0), IF(E15="CIP 2",TIME(2,30,0), IF(E15="CIP 3",TIME(3,20,0), IF(AND(ISNUMBER(F15),ISNUMBER(D15),D15>0),F15/D15/24,"Ошибка"))))))))) -> 0.10416667 | E15: CIP 2 | H15: =IFERROR(Линия2[[#This Row],[Количество]]/Линия2[[#This Row],[Шт. в поддоне]], "")
A16: =B15 -> 46004.345 | B16: =Линия2[[#This Row],[Дата начала]]+Линия2[[#This Row],[Длительность]] -> 46004.365 | C16: =IF(E16="Вытеснение",TIME(0,30,0), IF(E16="Передача смены",TIME(0,20,0), IF(E16="Запуск",TIME(0,30,0), IF(E16="Смена ассортимента",TIME(0,15,0), IF(E16="Переналадка формата",TIME(5,0,0), IF(E16="CIP 1",TIME(0,40,0), IF(E16="CIP 2",TIME(2,30,0), IF(E16="CIP 3",TIME(3,20,0), IF(AND(ISNUMBER(F16),ISNUMBER(D16),D16>0),F16/D16/24,"Ошибка"))))))))) -> 0.020833333 | E16: Запуск | H16: =IFERROR(Линия2[[#This Row],[Количество]]/Линия2[[#This Row],[Шт. в поддоне]], "")
A17: =B16 -> 46004.365 | B17: =Линия2[[#This Row],[Дата начала]]+Линия2[[#This Row],[Длительность]] -> 46005.647 | C17: =IF(E17="Вытеснение",TIME(0,30,0), IF(E17="Передача смены",TIME(0,20,0), IF(E17="Запуск",TIME(0,30,0), IF(E17="Смена ассортимента",TIME(0,15,0), IF(E17="Переналадка формата",TIME(5,0,0), IF(E17="CIP 1",TIME(0,40,0), IF(E17="CIP 2",TIME(2,30,0), IF(E17="CIP 3",TIME(3,20,0), IF(AND(ISNUMBER(F17),ISNUMBER(D17),D17>0),F17/D17/24,"Ошибка"))))))))) -> 1.2820513 | D17: 6500 | E17: Сок Груша 0,25 л ТМ «100% Джус» | F17: 200000 | G17: 1728 | H17: =IFERROR(Линия2[[#This Row],[Количество]]/Линия2[[#This Row],[Шт. в поддоне]], "") -> 115.74074
A18: =B17 -> 46005.647 | B18: =Линия2[[#This Row],[Дата начала]]+Линия2[[#This Row],[Длительность]] -> 46005.786 | C18: =IF(E18="Вытеснение",TIME(0,30,0), IF(E18="Передача смены",TIME(0,20,0), IF(E18="Запуск",TIME(0,30,0), IF(E18="Смена ассортимента",TIME(0,15,0), IF(E18="Переналадка формата",TIME(5,0,0), IF(E18="CIP 1",TIME(0,40,0), IF(E18="CIP 2",TIME(2,30,0), IF(E18="CIP 3",TIME(3,20,0), IF(AND(ISNUMBER(F18),ISNUMBER(D18),D18>0),F18/D18/24,"Ошибка"))))))))) -> 0.13888889 | E18: CIP 3 | H18: =IFERROR(Линия2[[#This Row],[Количество]]/Линия2[[#This Row],[Шт. в поддоне]], "")
A19: =B18 -> 46005.786 | B19: =Линия2[[#This Row],[Дата начала]]+Линия2[[#This Row],[Длительность]] -> 46005.807 | C19: =IF(E19="Вытеснение",TIME(0,30,0), IF(E19="Передача смены",TIME(0,20,0), IF(E19="Запуск",TIME(0,30,0), IF(E19="Смена ассортимента",TIME(0,15,0), IF(E19="Переналадка формата",TIME(5,0,0), IF(E19="CIP 1",TIME(0,40,0), IF(E19="CIP 2",TIME(2,30,0), IF(E19="CIP 3",TIME(3,20,0), IF(AND(ISNUMBER(F19),ISNUMBER(D19),D19>0),F19/D19/24,"Ошибка"))))))))) -> 0.020833333 | E19: Запуск | H19: =IFERROR(Линия2[[#This Row],[Количество]]/Линия2[[#This Row],[Шт. в поддоне]], "")
A20: 46006.094 | B20: =Линия2[[#This Row],[Дата начала]]+Линия2[[#This Row],[Длительность]] -> 46009.3 | C20: =IF(E20="Вытеснение",TIME(0,30,0), IF(E20="Передача смены",TIME(0,20,0), IF(E20="Запуск",TIME(0,30,0), IF(E20="Смена ассортимента",TIME(0,15,0), IF(E20="Переналадка формата",TIME(5,0,0), IF(E20="CIP 1",TIME(0,40,0), IF(E20="CIP 2",TIME(2,30,0), IF(E20="CIP 3",TIME(3,20,0), IF(AND(ISNUMBER(F20),ISNUMBER(D20),D20>0),F20/D20/24,"Ошибка"))))))))) -> 3.2051282 | D20: 6500 | E20: Нектар Гранат 0,25 л ТМ «Дети» | F20: 500000 | G20: 1728 | H20: =IFERROR(Линия2[[#This Row],[Количество]]/Линия2[[#This Row],[Шт. в поддоне]], "") -> 289.35185
A21: =B20 -> 46009.3 | B21: =Линия2[[#This Row],[Дата начала]]+Линия2[[#This Row],[Длительность]] -> 46009.438 | C21: =IF(E21="Вытеснение",TIME(0,30,0), IF(E21="Передача смены",TIME(0,20,0), IF(E21="Запуск",TIME(0,30,0), IF(E21="Смена ассортимента",TIME(0,15,0), IF(E21="Переналадка формата",TIME(5,0,0), IF(E21="CIP 1",TIME(0,40,0), IF(E21="CIP 2",TIME(2,30,0), IF(E21="CIP 3",TIME(3,20,0), IF(AND(ISNUMBER(F21),ISNUMBER(D21),D21>0),F21/D21/24,"Ошибка"))))))))) -> 0.13888889 | E21: CIP 3 | H21: =IFERROR(Линия2[[#This Row],[Количество]]/Линия2[[#This Row],[Шт. в поддоне]], "")
A22: =B21 -> 46009.438 | B22: =Линия2[[#This Row],[Дата начала]]+Линия2[[#This Row],[Длительность]] -> 46009.459 | C22: =IF(E22="Вытеснение",TIME(0,30,0), IF(E22="Передача смены",TIME(0,20,0), IF(E22="Запуск",TIME(0,30,0), IF(E22="Смена ассортимента",TIME(0,15,0), IF(E22="Переналадка формата",TIME(5,0,0), IF(E22="CIP 1",TIME(0,40,0), IF(E22="CIP 2",TIME(2,30,0), IF(E22="CIP 3",TIME(3,20,0), IF(AND(ISNUMBER(F22),ISNUMBER(D22),D22>0),F22/D22/24,"Ошибка"))))))))) -> 0.020833333 | E22: Запуск | H22: =IFERROR(Линия2[[#This Row],[Количество]]/Линия2[[#This Row],[Шт. в поддоне]], "")
A23: =B22 -> 46009.459 | B23: =Линия2[[#This Row],[Дата начала]]+Линия2[[#This Row],[Длительность]] -> 46012.664 | C23: =IF(E23="Вытеснение",TIME(0,30,0), IF(E23="Передача смены",TIME(0,20,0), IF(E23="Запуск",TIME(0,30,0), IF(E23="Смена ассортимента",TIME(0,15,0), IF(E23="Переналадка формата",TIME(5,0,0), IF(E23="CIP 1",TIME(0,40,0), IF(E23="CIP 2",TIME(2,30,0), IF(E23="CIP 3",TIME(3,20,0), IF(AND(ISNUMBER(F23),ISNUMBER(D23),D23>0),F23/D23/24,"Ошибка"))))))))) -> 3.2051282 | D23: 6500 | E23: Нектар Гранат 0,25 л ТМ «Дети» | F23: 500000 | G23: 1728 | H23: =IFERROR(Линия2[[#This Row],[Количество]]/Линия2[[#This Row],[Шт. в поддоне]], "") -> 289.35185
A24: =B23 -> 46012.664 | B24: =Линия2[[#This Row],[Дата начала]]+Линия2[[#This Row],[Длительность]] -> 46012.803 | C24: =IF(E24="Вытеснение",TIME(0,30,0), IF(E24="Передача смены",TIME(0,20,0), IF(E24="Запуск",TIME(0,30,0), IF(E24="Смена ассортимента",TIME(0,15,0), IF(E24="Переналадка формата",TIME(5,0,0), IF(E24="CIP 1",TIME(0,40,0), IF(E24="CIP 2",TIME(2,30,0), IF(E24="CIP 3",TIME(3,20,0), IF(AND(ISNUMBER(F24),ISNUMBER(D24),D24>0),F24/D24/24,"Ошибка"))))))))) -> 0.13888889 | E24: CIP 3 | H24: =IFERROR(Линия2[[#This Row],[Количество]]/Линия2[[#This Row],[Шт. в поддоне]], "")
A25: =B24 -> 46012.803 | B25: =Линия2[[#This Row],[Дата начала]]+Линия2[[#This Row],[Длительность]] -> 46012.824 | C25: =IF(E25="Вытеснение",TIME(0,30,0), IF(E25="Передача смены",TIME(0,20,0), IF(E25="Запуск",TIME(0,30,0), IF(E25="Смена ассортимента",TIME(0,15,0), IF(E25="Переналадка формата",TIME(5,0,0), IF(E25="CIP 1",TIME(0,40,0), IF(E25="CIP 2",TIME(2,30,0), IF(E25="CIP 3",TIME(3,20,0), IF(AND(ISNUMBER(F25),ISNUMBER(D25),D25>0),F25/D25/24,"Ошибка"))))))))) -> 0.020833333 | E25: Запуск | H25: =IFERROR(Линия2[[#This Row],[Количество]]/Линия2[[#This Row],[Шт. в поддоне]], "")
A26: 46016.167 | B26: =Линия2[[#This Row],[Дата начала]]+Линия2[[#This Row],[Длительность]] -> 46018.731 | C26: =IF(E26="Вытеснение",TIME(0,30,0), IF(E26="Передача смены",TIME(0,20,0), IF(E26="Запуск",TIME(0,30,0), IF(E26="Смена ассортимента",TIME(0,15,0), IF(E26="Переналадка формата",TIME(5,0,0), IF(E26="CIP 1",TIME(0,40,0), IF(E26="CIP 2",TIME(2,30,0), IF(E26="CIP 3",TIME(3,20,0), IF(AND(ISNUMBER(F26),ISNUMBER(D26),D26>0),F26/D26/24,"Ошибка"))))))))) -> 2.5641026 | D26: 6500 | E26: Нектар Гранат 0,25 л ТМ «Дети» | F26: 400000 | G26: 1728 | H26: =IFERROR(Линия2[[#This Row],[Количество]]/Линия2[[#This Row],[Шт. в поддоне]], "") -> 231.48148
A27: =B26 -> 46018.731 | B27: =Линия2[[#This Row],[Дата начала]]+Линия2[[#This Row],[Длительность]] -> 46018.87 | C27: =IF(E27="Вытеснение",TIME(0,30,0), IF(E27="Передача смены",TIME(0,20,0), IF(E27="Запуск",TIME(0,30,0), IF(E27="Смена ассортимента",TIME(0,15,0), IF(E27="Переналадка формата",TIME(5,0,0), IF(E27="CIP 1",TIME(0,40,0), IF(E27="CIP 2",TIME(2,30,0), IF(E27="CIP 3",TIME(3,20,0), IF(AND(ISNUMBER(F27),ISNUMBER(D27),D27>0),F27/D27/24,"Ошибка"))))))))) -> 0.13888889 | E27: CIP 3 | H27: =IFERROR(Линия2[[#This Row],[Количество]]/Линия2[[#This Row],[Шт. в поддоне]], "")
A28: =B27 -> 46018.87 | B28: =Линия2[[#This Row],[Дата начала]]+Линия2[[#This Row],[Длительность]] -> 46020.216 | C28: =IF(E28="Вытеснение",TIME(0,30,0), IF(E28="Передача смены",TIME(0,20,0), IF(E28="Запуск",TIME(0,30,0), IF(E28="Смена ассортимента",TIME(0,15,0), IF(E28="Переналадка формата",TIME(5,0,0), IF(E28="CIP 1",TIME(0,40,0), IF(E28="CIP 2",TIME(2,30,0), IF(E28="CIP 3",TIME(3,20,0), IF(AND(ISNUMBER(F28),ISNUMBER(D28),D28>0),F28/D28/24,"Ошибка"))))))))) -> 1.3461538 | D28: 6500 | E28: Нектар Гранат 0,25 л ТМ «Дети» | F28: 210000 | G28: 1728 | H28: =IFERROR(Линия2[[#This Row],[Количество]]/Линия2[[#This Row],[Шт. в поддоне]], "") -> 121.52778
A29: =B28 -> 46020.216 | B29: =Линия2[[#This Row],[Дата начала]]+Линия2[[#This Row],[Длительность]] -> 46020.237 | C29: =IF(E29="Вытеснение",TIME(0,30,0), IF(E29="Передача смены",TIME(0,20,0), IF(E29="Запуск",TIME(0,30,0), IF(E29="Смена ассортимента",TIME(0,15,0), IF(E29="Переналадка формата",TIME(5,0,0), IF(E29="CIP 1",TIME(0,40,0), IF(E29="CIP 2",TIME(2,30,0), IF(E29="CIP 3",TIME(3,20,0), IF(AND(ISNUMBER(F29),ISNUMBER(D29),D29>0),F29/D29/24,"Ошибка"))))))))) -> 0.020833333 | E29: Вытеснение | H29: =IFERROR(Линия2[[#This Row],[Количество]]/Линия2[[#This Row],[Шт. в поддоне]], "")
A30: 46020.75 | B30: =Линия2[[#This Row],[Дата начала]]+Линия2[[#This Row],[Длительность]] -> 46021.519 | C30: =IF(E30="Вытеснение",TIME(0,30,0), IF(E30="Передача смены",TIME(0,20,0), IF(E30="Запуск",TIME(0,30,0), IF(E30="Смена ассортимента",TIME(0,15,0), IF(E30="Переналадка формата",TIME(5,0,0), IF(E30="CIP 1",TIME(0,40,0), IF(E30="CIP 2",TIME(2,30,0), IF(E30="CIP 3",TIME(3,20,0), IF(AND(ISNUMBER(F30),ISNUMBER(D30),D30>0),F30/D30/24,"Ошибка"))))))))) -> 0.76923077 | D30: 6500 | E30: Сок Гранат 0,25 л ТМ «100% Джус» | F30: 120000 | G30: 1728 | H30: =IFERROR(Линия2[[#This Row],[Количество]]/Линия2[[#This Row],[Шт. в поддоне]], "") -> 69.444444
A31: =B30 -> 46021.519 | B31: =Линия2[[#This Row],[Дата начала]]+Линия2[[#This Row],[Длительность]] -> 46021.658 | C31: =IF(E31="Вытеснение",TIME(0,30,0), IF(E31="Передача смены",TIME(0,20,0), IF(E31="Запуск",TIME(0,30,0), IF(E31="Смена ассортимента",TIME(0,15,0), IF(E31="Переналадка формата",TIME(5,0,0), IF(E31="CIP 1",TIME(0,40,0), IF(E31="CIP 2",TIME(2,30,0), IF(E31="CIP 3",TIME(3,20,0), IF(AND(ISNUMBER(F31),ISNUMBER(D31),D31>0),F31/D31/24,"Ошибка"))))))))) -> 0.13888889 | E31: CIP 3 | H31: =IFERROR(Линия2[[#This Row],[Количество]]/Линия2[[#This Row],[Шт. в поддоне]], "")
E32: 2026 год | H32: =IFERROR(Линия5[[#This Row],[Количество]]/Линия5[[#This Row],[Шт. в поддоне]], "")
A33: 46034.875 | B33: =Линия2[[#This Row],[Дата начала]]+Линия2[[#This Row],[Длительность]] -> 46035.644 | C33: =IF(E33="Вытеснение",TIME(0,30,0), IF(E33="Передача смены",TIME(0,20,0), IF(E33="Запуск",TIME(0,30,0), IF(E33="Смена ассортимента",TIME(0,15,0), IF(E33="Переналадка формата",TIME(5,0,0), IF(E33="CIP 1",TIME(0,40,0), IF(E33="CIP 2",TIME(2,30,0), IF(E33="CIP 3",TIME(3,20,0), IF(AND(ISNUMBER(F33),ISNUMBER(D33),D33>0),F33/D33/24,"Ошибка"))))))))) -> 0.76923077 | D33: 6500 | E33: Нектар Банан-Киви 0,25 л ТМ «100% Джус» | F33: 120000 | G33: 1728 | H33: =IFERROR(Линия2[[#This Row],[Количество]]/Линия2[[#This Row],[Шт. в поддоне]], "") -> 69.444444
A34: =B33 -> 46035.644 | B34: =Линия2[[#This Row],[Дата начала]]+Линия2[[#This Row],[Длительность]] -> 46035.748 | C34: =IF(E34="Вытеснение",TIME(0,30,0), IF(E34="Передача смены",TIME(0,20,0), IF(E34="Запуск",TIME(0,30,0), IF(E34="Смена ассортимента",TIME(0,15,0), IF(E34="Переналадка формата",TIME(5,0,0), IF(E34="CIP 1",TIME(0,40,0), IF(E34="CIP 2",TIME(2,30,0), IF(E34="CIP 3",TIME(3,20,0), IF(AND(ISNUMBER(F34),ISNUMBER(D34),D34>0),F34/D34/24,"Ошибка"))))))))) -> 0.10416667 | E34: CIP 2 | H34: =IFERROR(Линия2[[#This Row],[Количество]]/Линия2[[#This Row],[Шт. в поддоне]], "")
A35: =B34 -> 46035.748 | B35: =Линия2[[#This Row],[Дата начала]]+Линия2[[#This Row],[Длительность]] -> 46036.005 | C35: =IF(E35="Вытеснение",TIME(0,30,0), IF(E35="Передача смены",TIME(0,20,0), IF(E35="Запуск",TIME(0,30,0), IF(E35="Смена ассортимента",TIME(0,15,0), IF(E35="Переналадка формата",TIME(5,0,0), IF(E35="CIP 1",TIME(0,40,0), IF(E35="CIP 2",TIME(2,30,0), IF(E35="CIP 3",TIME(3,20,0), IF(AND(ISNUMBER(F35),ISNUMBER(D35),D35>0),F35/D35/24,"Ошибка"))))))))) -> 0.25641026 | D35: 6500 | E35: Сок Апельсин 0,25 л ТМ «100% Джус» | F35: 40000 | G35: 1728 | H35: =IFERROR(Линия2[[#This Row],[Количество]]/Линия2[[#This Row],[Шт. в поддоне]], "") -> 23.148148
A36: =B35 -> 46036.005 | B36: =Линия2[[#This Row],[Дата начала]]+Линия2[[#This Row],[Длительность]] -> 46036.026 | C36: =IF(E36="Вытеснение",TIME(0,30,0), IF(E36="Передача смены",TIME(0,20,0), IF(E36="Запуск",TIME(0,30,0), IF(E36="Смена ассортимента",TIME(0,15,0), IF(E36="Переналадка формата",TIME(5,0,0), IF(E36="CIP 1",TIME(0,40,0), IF(E36="CIP 2",TIME(2,30,0), IF(E36="CIP 3",TIME(3,20,0), IF(AND(ISNUMBER(F36),ISNUMBER(D36),D36>0),F36/D36/24,"Ошибка"))))))))) -> 0.020833333 | E36: Вытеснение | H36: =IFERROR(Линия2[[#This Row],[Количество]]/Линия2[[#This Row],[Шт. в поддоне]], "")
A37: 46036.208 | B37: =Линия2[[#This Row],[Дата начала]]+Линия2[[#This Row],[Длительность]] -> 46036.465 | C37: =IF(E37="Вытеснение",TIME(0,30,0), IF(E37="Передача смены",TIME(0,20,0), IF(E37="Запуск",TIME(0,30,0), IF(E37="Смена ассортимента",TIME(0,15,0), IF(E37="Переналадка формата",TIME(5,0,0), IF(E37="CIP 1",TIME(0,40,0), IF(E37="CIP 2",TIME(2,30,0), IF(E37="CIP 3",TIME(3,20,0), IF(AND(ISNUMBER(F37),ISNUMBER(D37),D37>0),F37/D37/24,"Ошибка"))))))))) -> 0.25641026 | D37: 6500 | E37: Нектар Персик 0,25 л ТМ «100% Джус» | F37: 40000 | G37: 1728 | H37: =IFERROR(Линия2[[#This Row],[Количество]]/Линия2[[#This Row],[Шт. в поддоне]], "") -> 23.148148
A38: =B37 -> 46036.465 | B38: =Линия2[[#This Row],[Дата начала]]+Линия2[[#This Row],[Длительность]] -> 46036.486 | C38: =IF(E38="Вытеснение",TIME(0,30,0), IF(E38="Передача смены",TIME(0,20,0), IF(E38="Запуск",TIME(0,30,0), IF(E38="Смена ассортимента",TIME(0,15,0), IF(E38="Переналадка формата",TIME(5,0,0), IF(E38="CIP 1",TIME(0,40,0), IF(E38="CIP 2",TIME(2,30,0), IF(E38="CIP 3",TIME(3,20,0), IF(AND(ISNUMBER(F38),ISNUMBER(D38),D38>0),F38/D38/24,"Ошибка"))))))))) -> 0.020833333 | E38: Вытеснение | H38: =IFERROR(Линия2[[#This Row],[Количество]]/Линия2[[#This Row],[Шт. в поддоне]], "")
A39: =B38 -> 46036.486 | B39: =Линия2[[#This Row],[Дата начала]]+Линия2[[#This Row],[Длительность]] -> 46036.998 | C39: =IF(E39="Вытеснение",TIME(0,30,0), IF(E39="Передача смены",TIME(0,20,0), IF(E39="Запуск",TIME(0,30,0), IF(E39="Смена ассортимента",TIME(0,15,0), IF(E39="Переналадка формата",TIME(5,0,0), IF(E39="CIP 1",TIME(0,40,0), IF(E39="CIP 2",TIME(2,30,0), IF(E39="CIP 3",TIME(3,20,0), IF(AND(ISNUMBER(F39),ISNUMBER(D39),D39>0),F39/D39/24,"Ошибка"))))))))) -> 0.51282051 | D39: 6500 | E39: Нектар Манго 0,25 л ТМ «100% Джус» | F39: 80000 | G39: 1728 | H39: =IFERROR(Линия2[[#This Row],[Количество]]/Линия2[[#This Row],[Шт. в поддоне]], "") -> 46.296296
A40: =B39 -> 46036.998 | B40: =Линия2[[#This Row],[Дата начала]]+Линия2[[#This Row],[Длительность]] -> 46037.019 | C40: =IF(E40="Вытеснение",TIME(0,30,0), IF(E40="Передача смены",TIME(0,20,0), IF(E40="Запуск",TIME(0,30,0), IF(E40="Смена ассортимента",TIME(0,15,0), IF(E40="Переналадка формата",TIME(5,0,0), IF(E40="CIP 1",TIME(0,40,0), IF(E40="CIP 2",TIME(2,30,0), IF(E40="CIP 3",TIME(3,20,0), IF(AND(ISNUMBER(F40),ISNUMBER(D40),D40>0),F40/D40/24,"Ошибка"))))))))) -> 0.020833333 | E40: Вытеснение
A41: 46037.125 | B41: =Линия2[[#This Row],[Дата начала]]+Линия2[[#This Row],[Длительность]] -> 46037.638 | C41: =IF(E41="Вытеснение",TIME(0,30,0), IF(E41="Передача смены",TIME(0,20,0), IF(E41="Запуск",TIME(0,30,0), IF(E41="Смена ассортимента",TIME(0,15,0), IF(E41="Переналадка формата",TIME(5,0,0), IF(E41="CIP 1",TIME(0,40,0), IF(E41="CIP 2",TIME(2,30,0), IF(E41="CIP 3",TIME(3,20,0), IF(AND(ISNUMBER(F41),ISNUMBER(D41),D41>0),F41/D41/24,"Ошибка"))))))))) -> 0.51282051 | D41: 6500 | E41: Нектар Мультифрукт 0,25 л ТМ «100% Джус» | F41: 80000 | G41: 1728 | H41: =IFERROR(Линия2[[#This Row],[Количество]]/Линия2[[#This Row],[Шт. в поддоне]], "") -> 46.296296
A42: =B41 -> 46037.638 | B42: =Линия2[[#This Row],[Дата начала]]+Линия2[[#This Row],[Длительность]] -> 46037.742 | C42: =IF(E42="Вытеснение",TIME(0,30,0), IF(E42="Передача смены",TIME(0,20,0), IF(E42="Запуск",TIME(0,30,0), IF(E42="Смена ассортимента",TIME(0,15,0), IF(E42="Переналадка формата",TIME(5,0,0), IF(E42="CIP 1",TIME(0,40,0), IF(E42="CIP 2",TIME(2,30,0), IF(E42="CIP 3",TIME(3,20,0), IF(AND(ISNUMBER(F42),ISNUMBER(D42),D42>0),F42/D42/24,"Ошибка"))))))))) -> 0.10416667 | E42: CIP 2 | H42: =IFERROR(Линия2[[#This Row],[Количество]]/Линия2[[#This Row],[Шт. в поддоне]], "")
A43: 46037.875 | B43: =Линия2[[#This Row],[Дата начала]]+Линия2[[#This Row],[Длительность]] -> 46038.901 | C43: =IF(E43="Вытеснение",TIME(0,30,0), IF(E43="Передача смены",TIME(0,20,0), IF(E43="Запуск",TIME(0,30,0), IF(E43="Смена ассортимента",TIME(0,15,0), IF(E43="Переналадка формата",TIME(5,0,0), IF(E43="CIP 1",TIME(0,40,0), IF(E43="CIP 2",TIME(2,30,0), IF(E43="CIP 3",TIME(3,20,0), IF(AND(ISNUMBER(F43),ISNUMBER(D43),D43>0),F43/D43/24,"Ошибка"))))))))) -> 1.025641 | D43: 6500 | E43: Сок Груша 0,25 л ТМ «100% Джус» | F43: 160000 | G43: 1728 | H43: =IFERROR(Линия2[[#This Row],[Количество]]/Линия2[[#This Row],[Шт. в поддоне]], "") -> 92.592593
A44: =B43 -> 46038.901 | B44: =Линия2[[#This Row],[Дата начала]]+Линия2[[#This Row],[Длительность]] -> 46039.04 | C44: =IF(E44="Вытеснение",TIME(0,30,0), IF(E44="Передача смены",TIME(0,20,0), IF(E44="Запуск",TIME(0,30,0), IF(E44="Смена ассортимента",TIME(0,15,0), IF(E44="Переналадка формата",TIME(5,0,0), IF(E44="CIP 1",TIME(0,40,0), IF(E44="CIP 2",TIME(2,30,0), IF(E44="CIP 3",TIME(3,20,0), IF(AND(ISNUMBER(F44),ISNUMBER(D44),D44>0),F44/D44/24,"Ошибка"))))))))) -> 0.13888889 | E44: CIP 3 | H44: =IFERROR(Линия2[[#This Row],[Количество]]/Линия2[[#This Row],[Шт. в поддоне]], "")
A45: =B44 -> 46039.04 | B45: =Линия2[[#This Row],[Дата начала]]+Линия2[[#This Row],[Длительность]] -> 46040.322 | C45: =IF(E45="Вытеснение",TIME(0,30,0), IF(E45="Передача смены",TIME(0,20,0), IF(E45="Запуск",TIME(0,30,0), IF(E45="Смена ассортимента",TIME(0,15,0), IF(E45="Переналадка формата",TIME(5,0,0), IF(E45="CIP 1",TIME(0,40,0), IF(E45="CIP 2",TIME(2,30,0), IF(E45="CIP 3",TIME(3,20,0), IF(AND(ISNUMBER(F45),ISNUMBER(D45),D45>0),F45/D45/24,"Ошибка"))))))))) -> 1.2820513 | D45: 6500 | E45: Сок Гранат 0,25 л ТМ «100% Джус» | F45: 200000 | G45: 1728 | H45: =IFERROR(Линия2[[#This Row],[Количество]]/Линия2[[#This Row],[Шт. в поддоне]], "") -> 115.74074
A46: =B45 -> 46040.322 | B46: =Линия2[[#This Row],[Дата начала]]+Линия2[[#This Row],[Длительность]] -> 46040.342 | C46: =IF(E46="Вытеснение",TIME(0,30,0), IF(E46="Передача смены",TIME(0,20,0), IF(E46="Запуск",TIME(0,30,0), IF(E46="Смена ассортимента",TIME(0,15,0), IF(E46="Переналадка формата",TIME(5,0,0), IF(E46="CIP 1",TIME(0,40,0), IF(E46="CIP 2",TIME(2,30,0), IF(E46="CIP 3",TIME(3,20,0), IF(AND(ISNUMBER(F46),ISNUMBER(D46),D46>0),F46/D46/24,"Ошибка"))))))))) -> 0.020833333 | E46: Вытеснение | H46: =IFERROR(Линия2[[#This Row],[Количество]]/Линия2[[#This Row],[Шт. в поддоне]], "")
A47: 46040.583 | B47: =Линия2[[#This Row],[Дата начала]]+Линия2[[#This Row],[Длительность]] -> 46041.865 | C47: =IF(E47="Вытеснение",TIME(0,30,0), IF(E47="Передача смены",TIME(0,20,0), IF(E47="Запуск",TIME(0,30,0), IF(E47="Смена ассортимента",TIME(0,15,0), IF(E47="Переналадка формата",TIME(5,0,0), IF(E47="CIP 1",TIME(0,40,0), IF(E47="CIP 2",TIME(2,30,0), IF(E47="CIP 3",TIME(3,20,0), IF(AND(ISNUMBER(F47),ISNUMBER(D47),D47>0),F47/D47/24,"Ошибка"))))))))) -> 1.2820513 | D47: 6500 | E47: Нектар Гранат 0,25 л ТМ «Дети» | F47: 200000 | G47: 1728 | H47: =IFERROR(Линия2[[#This Row],[Количество]]/Линия2[[#This Row],[Шт. в поддоне]], "") -> 115.74074
A48: =B47 -> 46041.865 | B48: =Линия2[[#This Row],[Дата начала]]+Линия2[[#This Row],[Длительность]] -> 46042.004 | C48: =IF(E48="Вытеснение",TIME(0,30,0), IF(E48="Передача смены",TIME(0,20,0), IF(E48="Запуск",TIME(0,30,0), IF(E48="Смена ассортимента",TIME(0,15,0), IF(E48="Переналадка формата",TIME(5,0,0), IF(E48="CIP 1",TIME(0,40,0), IF(E48="CIP 2",TIME(2,30,0), IF(E48="CIP 3",TIME(3,20,0), IF(AND(ISNUMBER(F48),ISNUMBER(D48),D48>0),F48/D48/24,"Ошибка"))))))))) -> 0.13888889 | E48: CIP 3 | H48: =IFERROR(Линия2[[#This Row],[Количество]]/Линия2[[#This Row],[Шт. в поддоне]], "")
A49: =B48 -> 46042.004 | B49: =Линия2[[#This Row],[Дата начала]]+Линия2[[#This Row],[Длительность]] -> 46042.517 | C49: =IF(E49="Вытеснение",TIME(0,30,0), IF(E49="Передача смены",TIME(0,20,0), IF(E49="Запуск",TIME(0,30,0), IF(E49="Смена ассортимента",TIME(0,15,0), IF(E49="Переналадка формата",TIME(5,0,0), IF(E49="CIP 1",TIME(0,40,0), IF(E49="CIP 2",TIME(2,30,0), IF(E49="CIP 3",TIME(3,20,0), IF(AND(ISNUMBER(F49),ISNUMBER(D49),D49>0),F49/D49/24,"Ошибка"))))))))) -> 0.51282051 | D49: 6500 | E49: Сок Яблоко 0,25 л ТМ «100% Джус» | F49: 80000 | G49: 1728 | H49: =IFERROR(Линия2[[#This Row],[Количество]]/Линия2[[#This Row],[Шт. в поддоне]], "") -> 46.296296
A50: =B49 -> 46042.517 | B50: =Линия2[[#This Row],[Дата начала]]+Линия2[[#This Row],[Длительность]] -> 46042.538 | C50: =IF(E50="Вытеснение",TIME(0,30,0), IF(E50="Передача смены",TIME(0,20,0), IF(E50="Запуск",TIME(0,30,0), IF(E50="Смена ассортимента",TIME(0,15,0), IF(E50="Переналадка формата",TIME(5,0,0), IF(E50="CIP 1",TIME(0,40,0), IF(E50="CIP 2",TIME(2,30,0), IF(E50="CIP 3",TIME(3,20,0), IF(AND(ISNUMBER(F50),ISNUMBER(D50),D50>0),F50/D50/24,"Ошибка"))))))))) -> 0.020833333 | E50: Вытеснение
A51: =B50 -> 46042.538 | B51: =Линия2[[#This Row],[Дата начала]]+Линия2[[#This Row],[Длительность]] -> 46042.794 | C51: =IF(E51="Вытеснение",TIME(0,30,0), IF(E51="Передача смены",TIME(0,20,0), IF(E51="Запуск",TIME(0,30,0), IF(E51="Смена ассортимента",TIME(0,15,0), IF(E51="Переналадка формата",TIME(5,0,0), IF(E51="CIP 1",TIME(0,40,0), IF(E51="CIP 2",TIME(2,30,0), IF(E51="CIP 3",TIME(3,20,0), IF(AND(ISNUMBER(F51),ISNUMBER(D51),D51>0),F51/D51/24,"Ошибка"))))))))) -> 0.25641026 | D51: 6500 | E51: Нектар Вишня 0,25 л ТМ «100% Джус» | F51: 40000 | G51: 1728 | H51: =IFERROR(Линия2[[#This Row],[Количество]]/Линия2[[#This Row],[Шт. в поддоне]], "") -> 23.148148
A52: =B51 -> 46042.794 | B52: =Линия2[[#This Row],[Дата начала]]+Линия2[[#This Row],[Длительность]] -> 46042.899 | C52: =IF(E52="Вытеснение",TIME(0,30,0), IF(E52="Передача смены",TIME(0,20,0), IF(E52="Запуск",TIME(0,30,0), IF(E52="Смена ассортимента",TIME(0,15,0), IF(E52="Переналадка формата",TIME(5,0,0), IF(E52="CIP 1",TIME(0,40,0), IF(E52="CIP 2",TIME(2,30,0), IF(E52="CIP 3",TIME(3,20,0), IF(AND(ISNUMBER(F52),ISNUMBER(D52),D52>0),F52/D52/24,"Ошибка"))))))))) -> 0.10416667 | E52: CIP 2 | H52: =IFERROR(Линия2[[#This Row],[Количество]]/Линия2[[#This Row],[Шт. в поддоне]], "")
A53: =B52 -> 46042.899 | B53: =Линия2[[#This Row],[Дата начала]]+Линия2[[#This Row],[Длительность]] -> 46044.181 | C53: =IF(E53="Вытеснение",TIME(0,30,0), IF(E53="Передача смены",TIME(0,20,0), IF(E53="Запуск",TIME(0,30,0), IF(E53="Смена ассортимента",TIME(0,15,0), IF(E53="Переналадка формата",TIME(5,0,0), IF(E53="CIP 1",TIME(0,40,0), IF(E53="CIP 2",TIME(2,30,0), IF(E53="CIP 3",TIME(3,20,0), IF(AND(ISNUMBER(F53),ISNUMBER(D53),D53>0),F53/D53/24,"Ошибка"))))))))) -> 1.2820513 | D53: 6500 | E53: Нектар Гранат 0,25 л ТМ «Дети» | F53: 200000 | G53: 1728 | H53: =IFERROR(Линия2[[#This Row],[Количество]]/Линия2[[#This Row],[Шт. в поддоне]], "") -> 115.74074
A54: =B53 -> 46044.181 | B54: =Линия2[[#This Row],[Дата начала]]+Линия2[[#This Row],[Длительность]] -> 46044.285 | C54: =IF(E54="Вытеснение",TIME(0,30,0), IF(E54="Передача смены",TIME(0,20,0), IF(E54="Запуск",TIME(0,30,0), IF(E54="Смена ассортимента",TIME(0,15,0), IF(E54="Переналадка формата",TIME(5,0,0), IF(E54="CIP 1",TIME(0,40,0), IF(E54="CIP 2",TIME(2,30,0), IF(E54="CIP 3",TIME(3,20,0), IF(AND(ISNUMBER(F54),ISNUMBER(D54),D54>0),F54/D54/24,"Ошибка"))))))))) -> 0.10416667 | E54: CIP 2 | H54: =IFERROR(Линия2[[#This Row],[Количество]]/Линия2[[#This Row],[Шт. в поддоне]], "")
A55: 46044.375 | B55: =Линия2[[#This Row],[Дата начала]]+Линия2[[#This Row],[Длительность]] -> 46044.888 | C55: =IF(E55="Вытеснение",TIME(0,30,0), IF(E55="Передача смены",TIME(0,20,0), IF(E55="Запуск",TIME(0,30,0), IF(E55="Смена ассортимента",TIME(0,15,0), IF(E55="Переналадка формата",TIME(5,0,0), IF(E55="CIP 1",TIME(0,40,0), IF(E55="CIP 2",TIME(2,30,0), IF(E55="CIP 3",TIME(3,20,0), IF(AND(ISNUMBER(F55),ISNUMBER(D55),D55>0),F55/D55/24,"Ошибка"))))))))) -> 0.51282051 | D55: 6500 | E55: Сок Томат 0,25 л ТМ «100% Джус» | F55: 80000 | G55: 1728 | H55: =IFERROR(Линия2[[#This Row],[Количество]]/Линия2[[#This Row],[Шт. в поддоне]], "") -> 46.296296
A56: =B55 -> 46044.888 | B56: =Линия2[[#This Row],[Дата начала]]+Линия2[[#This Row],[Длительность]] -> 46045.027 | C56: =IF(E56="Вытеснение",TIME(0,30,0), IF(E56="Передача смены",TIME(0,20,0), IF(E56="Запуск",TIME(0,30,0), IF(E56="Смена ассортимента",TIME(0,15,0), IF(E56="Переналадка формата",TIME(5,0,0), IF(E56="CIP 1",TIME(0,40,0), IF(E56="CIP 2",TIME(2,30,0), IF(E56="CIP 3",TIME(3,20,0), IF(AND(ISNUMBER(F56),ISNUMBER(D56),D56>0),F56/D56/24,"Ошибка"))))))))) -> 0.13888889 | E56: CIP 3 | H56: =IFERROR(Линия2[[#This Row],[Количество]]/Линия2[[#This Row],[Шт. в поддоне]], "")
A57: 46045.125 | B57: =Линия2[[#This Row],[Дата начала]]+Линия2[[#This Row],[Длительность]] -> 46045.638 | C57: =IF(E57="Вытеснение",TIME(0,30,0), IF(E57="Передача смены",TIME(0,20,0), IF(E57="Запуск",TIME(0,30,0), IF(E57="Смена ассортимента",TIME(0,15,0), IF(E57="Переналадка формата",TIME(5,0,0), IF(E57="CIP 1",TIME(0,40,0), IF(E57="CIP 2",TIME(2,30,0), IF(E57="CIP 3",TIME(3,20,0), IF(AND(ISNUMBER(F57),ISNUMBER(D57),D57>0),F57/D57/24,"Ошибка"))))))))) -> 0.51282051 | D57: 6500 | E57: Сок Груша 0,25 л ТМ «100% Джус» | F57: 80000 | G57: 1728 | H57: =IFERROR(Линия2[[#This Row],[Количество]]/Линия2[[#This Row],[Шт. в поддоне]], "") -> 46.296296
A58: =B57 -> 46045.638 | B58: =Линия2[[#This Row],[Дата начала]]+Линия2[[#This Row],[Длительность]] -> 46045.777 | C58: =IF(E58="Вытеснение",TIME(0,30,0), IF(E58="Передача смены",TIME(0,20,0), IF(E58="Запуск",TIME(0,30,0), IF(E58="Смена ассортимента",TIME(0,15,0), IF(E58="Переналадка формата",TIME(5,0,0), IF(E58="CIP 1",TIME(0,40,0), IF(E58="CIP 2",TIME(2,30,0), IF(E58="CIP 3",TIME(3,20,0), IF(AND(ISNUMBER(F58),ISNUMBER(D58),D58>0),F58/D58/24,"Ошибка"))))))))) -> 0.13888889 | E58: CIP 3 | H58: =IFERROR(Линия2[[#This Row],[Количество]]/Линия2[[#This Row],[Шт. в поддоне]], "")
A59: =B58 -> 46045.777 | B59: =Линия2[[#This Row],[Дата начала]]+Линия2[[#This Row],[Длительность]] -> 46046.546 | C59: =IF(E59="Вытеснение",TIME(0,30,0), IF(E59="Передача смены",TIME(0,20,0), IF(E59="Запуск",TIME(0,30,0), IF(E59="Смена ассортимента",TIME(0,15,0), IF(E59="Переналадка формата",TIME(5,0,0), IF(E59="CIP 1",TIME(0,40,0), IF(E59="CIP 2",TIME(2,30,0), IF(E59="CIP 3",TIME(3,20,0), IF(AND(ISNUMBER(F59),ISNUMBER(D59),D59>0),F59/D59/24,"Ошибка"))))))))) -> 0.76923077 | D59: 6500 | E59: Сок Гранат 0,25 л ТМ «100% Джус» | F59: 120000 | G59: 1728 | H59: =IFERROR(Линия2[[#This Row],[Количество]]/Линия2[[#This Row],[Шт. в поддоне]], "") -> 69.444444
A60: =B59 -> 46046.546 | B60: =Линия2[[#This Row],[Дата начала]]+Линия2[[#This Row],[Длительность]] -> 46046.567 | C60: =IF(E60="Вытеснение",TIME(0,30,0), IF(E60="Передача смены",TIME(0,20,0), IF(E60="Запуск",TIME(0,30,0), IF(E60="Смена ассортимента",TIME(0,15,0), IF(E60="Переналадка формата",TIME(5,0,0), IF(E60="CIP 1",TIME(0,40,0), IF(E60="CIP 2",TIME(2,30,0), IF(E60="CIP 3",TIME(3,20,0), IF(AND(ISNUMBER(F60),ISNUMBER(D60),D60>0),F60/D60/24,"Ошибка"))))))))) -> 0.020833333 | E60: Вытеснение | H60: =IFERROR(Линия2[[#This Row],[Количество]]/Линия2[[#This Row],[Шт. в поддоне]], "")
A61: =B60 -> 46046.567 | B61: =Линия2[[#This Row],[Дата начала]]+Линия2[[#This Row],[Длительность]] -> 46048.105 | C61: =IF(E61="Вытеснение",TIME(0,30,0), IF(E61="Передача смены",TIME(0,20,0), IF(E61="Запуск",TIME(0,30,0), IF(E61="Смена ассортимента",TIME(0,15,0), IF(E61="Переналадка формата",TIME(5,0,0), IF(E61="CIP 1",TIME(0,40,0), IF(E61="CIP 2",TIME(2,30,0), IF(E61="CIP 3",TIME(3,20,0), IF(AND(ISNUMBER(F61),ISNUMBER(D61),D61>0),F61/D61/24,"Ошибка"))))))))) -> 1.5384615 | D61: 6500 | E61: Нектар Гранат 0,25 л ТМ «Дети» | F61: 240000 | G61: 1728 | H61: =IFERROR(Линия2[[#This Row],[Количество]]/Линия2[[#This Row],[Шт. в поддоне]], "") -> 138.88889
A62: =B61 -> 46048.105 | B62: =Линия2[[#This Row],[Дата начала]]+Линия2[[#This Row],[Длительность]] -> 46048.244 | C62: =IF(E62="Вытеснение",TIME(0,30,0), IF(E62="Передача смены",TIME(0,20,0), IF(E62="Запуск",TIME(0,30,0), IF(E62="Смена ассортимента",TIME(0,15,0), IF(E62="Переналадка формата",TIME(5,0,0), IF(E62="CIP 1",TIME(0,40,0), IF(E62="CIP 2",TIME(2,30,0), IF(E62="CIP 3",TIME(3,20,0), IF(AND(ISNUMBER(F62),ISNUMBER(D62),D62>0),F62/D62/24,"Ошибка"))))))))) -> 0.13888889 | E62: CIP 3 | H62: =IFERROR(Линия2[[#This Row],[Количество]]/Линия2[[#This Row],[Шт. в поддоне]], "")
A63: =B62 -> 46048.244 | B63: =Линия2[[#This Row],[Дата начала]]+Линия2[[#This Row],[Длительность]] -> 46048.757 | C63: =IF(E63="Вытеснение",TIME(0,30,0), IF(E63="Передача смены",TIME(0,20,0), IF(E63="Запуск",TIME(0,30,0), IF(E63="Смена ассортимента",TIME(0,15,0), IF(E63="Переналадка формата",TIME(5,0,0), IF(E63="CIP 1",TIME(0,40,0), IF(E63="CIP 2",TIME(2,30,0), IF(E63="CIP 3",TIME(3,20,0), IF(AND(ISNUMBER(F63),ISNUMBER(D63),D63>0),F63/D63/24,"Ошибка"))))))))) -> 0.51282051 | D63: 6500 | E63: Нектар Манго 0,25 л ТМ «100% Джус» | F63: 80000 | G63: 1728 | H63: =IFERROR(Линия2[[#This Row],[Количество]]/Линия2[[#This Row],[Шт. в поддоне]], "") -> 46.296296
A64: =B63 -> 46048.757 | B64: =Линия2[[#This Row],[Дата начала]]+Линия2[[#This Row],[Длительность]] -> 46048.778 | C64: =IF(E64="Вытеснение",TIME(0,30,0), IF(E64="Передача смены",TIME(0,20,0), IF(E64="Запуск",TIME(0,30,0), IF(E64="Смена ассортимента",TIME(0,15,0), IF(E64="Переналадка формата",TIME(5,0,0), IF(E64="CIP 1",TIME(0,40,0), IF(E64="CIP 2",TIME(2,30,0), IF(E64="CIP 3",TIME(3,20,0), IF(AND(ISNUMBER(F64),ISNUMBER(D64),D64>0),F64/D64/24,"Ошибка"))))))))) -> 0.020833333 | E64: Вытеснение | H64: =IFERROR(Линия2[[#This Row],[Количество]]/Линия2[[#This Row],[Шт. в поддоне]], "")
A65: 46049.208 | B65: =Линия2[[#This Row],[Дата начала]]+Линия2[[#This Row],[Длительность]] -> 46049.721 | C65: =IF(E65="Вытеснение",TIME(0,30,0), IF(E65="Передача смены",TIME(0,20,0), IF(E65="Запуск",TIME(0,30,0), IF(E65="Смена ассортимента",TIME(0,15,0), IF(E65="Переналадка формата",TIME(5,0,0), IF(E65="CIP 1",TIME(0,40,0), IF(E65="CIP 2",TIME(2,30,0), IF(E65="CIP 3",TIME(3,20,0), IF(AND(ISNUMBER(F65),ISNUMBER(D65),D65>0),F65/D65/24,"Ошибка"))))))))) -> 0.51282051 | D65: 6500 | E65: Нектар Манго-Маракуйя 0,25 л ТМ «100% Джус» | F65: 80000 | G65: 1728 | H65: =IFERROR(Линия2[[#This Row],[Количество]]/Линия2[[#This Row],[Шт. в поддоне]], "") -> 46.296296
A66: =B65 -> 46049.721 | B66: =Линия2[[#This Row],[Дата начала]]+Линия2[[#This Row],[Длительность]] -> 46049.825 | C66: =IF(E66="Вытеснение",TIME(0,30,0), IF(E66="Передача смены",TIME(0,20,0), IF(E66="Запуск",TIME(0,30,0), IF(E66="Смена ассортимента",TIME(0,15,0), IF(E66="Переналадка формата",TIME(5,0,0), IF(E66="CIP 1",TIME(0,40,0), IF(E66="CIP 2",TIME(2,30,0), IF(E66="CIP 3",TIME(3,20,0), IF(AND(ISNUMBER(F66),ISNUMBER(D66),D66>0),F66/D66/24,"Ошибка"))))))))) -> 0.10416667 | E66: CIP 2 | H66: =IFERROR(Линия2[[#This Row],[Количество]]/Линия2[[#This Row],[Шт. в поддоне]], "")
A67: =B66 -> 46049.825 | B67: 46051.917 | C67: =IF(E67="Вытеснение",TIME(0,30,0), IF(E67="Передача смены",TIME(0,20,0), IF(E67="Запуск",TIME(0,30,0), IF(E67="Смена ассортимента",TIME(0,15,0), IF(E67="Переналадка формата",TIME(5,0,0), IF(E67="CIP 1",TIME(0,40,0), IF(E67="CIP 2",TIME(2,30,0), IF(E67="CIP 3",TIME(3,20,0), IF(AND(ISNUMBER(F67),ISNUMBER(D67),D67>0),F67/D67/24,"Ошибка"))))))))) -> 1.2820513 | D67: 6500 | E67: Нектар Банан-Киви 0,25 л ТМ «100% Джус» | F67: 200000 | G67: 1728 | H67: =IFERROR(Линия2[[#This Row],[Количество]]/Линия2[[#This Row],[Шт. в поддоне]], "") -> 115.74074
A68: =B67 -> 46051.917 | B68: =Линия2[[#This Row],[Дата начала]]+Линия2[[#This Row],[Длительность]] -> 46051.938 | C68: =IF(E68="Вытеснение",TIME(0,30,0), IF(E68="Передача смены",TIME(0,20,0), IF(E68="Запуск",TIME(0,30,0), IF(E68="Смена ассортимента",TIME(0,15,0), IF(E68="Переналадка формата",TIME(5,0,0), IF(E68="CIP 1",TIME(0,40,0), IF(E68="CIP 2",TIME(2,30,0), IF(E68="CIP 3",TIME(3,20,0), IF(AND(ISNUMBER(F68),ISNUMBER(D68),D68>0),F68/D68/24,"Ошибка"))))))))) -> 0.020833333 | E68: Вытеснение | H68: =IFERROR(Линия2[[#This Row],[Количество]]/Линия2[[#This Row],[Шт. в поддоне]], "")
A69: 46052.083 | B69: =Линия2[[#This Row],[Дата начала]]+Линия2[[#This Row],[Длительность]] -> 46052.596 | C69: =IF(E69="Вытеснение",TIME(0,30,0), IF(E69="Передача смены",TIME(0,20,0), IF(E69="Запуск",TIME(0,30,0), IF(E69="Смена ассортимента",TIME(0,15,0), IF(E69="Переналадка формата",TIME(5,0,0), IF(E69="CIP 1",TIME(0,40,0), IF(E69="CIP 2",TIME(2,30,0), IF(E69="CIP 3",TIME(3,20,0), IF(AND(ISNUMBER(F69),ISNUMBER(D69),D69>0),F69/D69/24,"Ошибка"))))))))) -> 0.51282051 | D69: 6500 | E69: Нектар Банан-Клубника 0,25 л ТМ «100% Джус» | F69: 80000 | G69: 1728 | H69: =IFERROR(Линия2[[#This Row],[Количество]]/Линия2[[#This Row],[Шт. в поддоне]], "") -> 46.296296
A70: =B69 -> 46052.596 | B70: =Линия2[[#This Row],[Дата начала]]+Линия2[[#This Row],[Длительность]] -> 46052.735 | C70: =IF(E70="Вытеснение",TIME(0,30,0), IF(E70="Передача смены",TIME(0,20,0), IF(E70="Запуск",TIME(0,30,0), IF(E70="Смена ассортимента",TIME(0,15,0), IF(E70="Переналадка формата",TIME(5,0,0), IF(E70="CIP 1",TIME(0,40,0), IF(E70="CIP 2",TIME(2,30,0), IF(E70="CIP 3",TIME(3,20,0), IF(AND(ISNUMBER(F70),ISNUMBER(D70),D70>0),F70/D70/24,"Ошибка"))))))))) -> 0.13888889 | E70: CIP 3 | H70: =IFERROR(Линия2[[#This Row],[Количество]]/Линия2[[#This Row],[Шт. в поддоне]], "")
E71: Переход на линию 1 | H71: =IFERROR(Линия2[[#This Row],[Количество]]/Линия2[[#This Row],[Шт. в поддоне]], "")
A72: ='Линия 1'!B12 -> 46055.443 | B72: =Линия2[[#This Row],[Дата начала]]+Линия2[[#This Row],[Длительность]] -> 46055.548 | C72: =IF(E72="Вытеснение",TIME(0,30,0), IF(E72="Передача смены",TIME(0,20,0), IF(E72="Запуск",TIME(0,30,0), IF(E72="Смена ассортимента",TIME(0,15,0), IF(E72="Переналадка формата",TIME(5,0,0), IF(E72="CIP 1",TIME(0,40,0), IF(E72="CIP 2",TIME(2,30,0), IF(E72="CIP 3",TIME(3,20,0), IF(AND(ISNUMBER(F72),ISNUMBER(D72),D72>0),F72/D72/24,"Ошибка"))))))))) -> 0.10416667 | E72: CIP 2 | H72: =IFERROR(Линия2[[#This Row],[Количество]]/Линия2[[#This Row],[Шт. в поддоне]], "")
A73: =B72 -> 46055.548 | B73: =Линия2[[#This Row],[Дата начала]]+Линия2[[#This Row],[Длительность]] -> 46057.086 | C73: =IF(E73="Вытеснение",TIME(0,30,0), IF(E73="Передача смены",TIME(0,20,0), IF(E73="Запуск",TIME(0,30,0), IF(E73="Смена ассортимента",TIME(0,15,0), IF(E73="Переналадка формата",TIME(5,0,0), IF(E73="CIP 1",TIME(0,40,0), IF(E73="CIP 2",TIME(2,30,0), IF(E73="CIP 3",TIME(3,20,0), IF(AND(ISNUMBER(F73),ISNUMBER(D73),D73>0),F73/D73/24,"Ошибка"))))))))) -> 1.5384615 | D73: 6500 | E73: Сок Гранат 0,25 л ТМ «100% Джус» | F73: 240000 | G73: 1728 | H73: =IFERROR(Линия2[[#This Row],[Количество]]/Линия2[[#This Row],[Шт. в поддоне]], "") -> 138.88889
A74: =B73 -> 46057.086 | B74: =Линия2[[#This Row],[Дата начала]]+Линия2[[#This Row],[Длительность]] -> 46057.225 | C74: =IF(E74="Вытеснение",TIME(0,30,0), IF(E74="Передача смены",TIME(0,20,0), IF(E74="Запуск",TIME(0,30,0), IF(E74="Смена ассортимента",TIME(0,15,0), IF(E74="Переналадка формата",TIME(5,0,0), IF(E74="CIP 1",TIME(0,40,0), IF(E74="CIP 2",TIME(2,30,0), IF(E74="CIP 3",TIME(3,20,0), IF(AND(ISNUMBER(F74),ISNUMBER(D74),D74>0),F74/D74/24,"Ошибка"))))))))) -> 0.13888889 | E74: CIP 3 | H74: =IFERROR(Линия2[[#This Row],[Количество]]/Линия2[[#This Row],[Шт. в поддоне]], "")
A75: 46057.59 | B75: =Линия2[[#This Row],[Дата начала]]+Линия2[[#This Row],[Длительность]] -> 46058.616 | C75: =IF(E75="Вытеснение",TIME(0,30,0), IF(E75="Передача смены",TIME(0,20,0), IF(E75="Запуск",TIME(0,30,0), IF(E75="Смена ассортимента",TIME(0,15,0), IF(E75="Переналадка формата",TIME(5,0,0), IF(E75="CIP 1",TIME(0,40,0), IF(E75="CIP 2",TIME(2,30,0), IF(E75="CIP 3",TIME(3,20,0), IF(AND(ISNUMBER(F75),ISNUMBER(D75),D75>0),F75/D75/24,"Ошибка"))))))))) -> 1.025641 | D75: 6500 | E75: Нектар Манго 0,25 л ТМ «100% Джус» | F75: 160000 | G75: 1728 | H75: =IFERROR(Линия2[[#This Row],[Количество]]/Линия2[[#This Row],[Шт. в поддоне]], "") -> 92.592593
A76: =B75 -> 46058.616 | B76: =Линия2[[#This Row],[Дата начала]]+Линия2[[#This Row],[Длительность]] -> 46058.755 | C76: =IF(E76="Вытеснение",TIME(0,30,0), IF(E76="Передача смены",TIME(0,20,0), IF(E76="Запуск",TIME(0,30,0), IF(E76="Смена ассортимента",TIME(0,15,0), IF(E76="Переналадка формата",TIME(5,0,0), IF(E76="CIP 1",TIME(0,40,0), IF(E76="CIP 2",TIME(2,30,0), IF(E76="CIP 3",TIME(3,20,0), IF(AND(ISNUMBER(F76),ISNUMBER(D76),D76>0),F76/D76/24,"Ошибка"))))))))) -> 0.13888889 | E76: CIP 3 | H76: =IFERROR(Линия2[[#This Row],[Количество]]/Линия2[[#This Row],[Шт. в поддоне]], "")
A77: 46058.833 | B77: =Линия2[[#This Row],[Дата начала]]+Линия2[[#This Row],[Длительность]] -> 46060.115 | C77: =IF(E77="Вытеснение",TIME(0,30,0), IF(E77="Передача смены",TIME(0,20,0), IF(E77="Запуск",TIME(0,30,0), IF(E77="Смена ассортимента",TIME(0,15,0), IF(E77="Переналадка формата",TIME(5,0,0), IF(E77="CIP 1",TIME(0,40,0), IF(E77="CIP 2",TIME(2,30,0), IF(E77="CIP 3",TIME(3,20,0), IF(AND(ISNUMBER(F77),ISNUMBER(D77),D77>0),F77/D77/24,"Ошибка"))))))))) -> 1.2820513 | D77: 6500 | E77: Сок Гранат 0,25 л ТМ «100% Джус» | F77: 200000 | G77: 1728 | H77: =IFERROR(Линия2[[#This Row],[Количество]]/Линия2[[#This Row],[Шт. в поддоне]], "") -> 115.74074
A78: =B77 -> 46060.115 | B78: =Линия2[[#This Row],[Дата начала]]+Линия2[[#This Row],[Длительность]] -> 46060.22 | C78: =IF(E78="Вытеснение",TIME(0,30,0), IF(E78="Передача смены",TIME(0,20,0), IF(E78="Запуск",TIME(0,30,0), IF(E78="Смена ассортимента",TIME(0,15,0), IF(E78="Переналадка формата",TIME(5,0,0), IF(E78="CIP 1",TIME(0,40,0), IF(E78="CIP 2",TIME(2,30,0), IF(E78="CIP 3",TIME(3,20,0), IF(AND(ISNUMBER(F78),ISNUMBER(D78),D78>0),F78/D78/24,"Ошибка"))))))))) -> 0.10416667 | E78: CIP 2 | H78: =IFERROR(Линия2[[#This Row],[Количество]]/Линия2[[#This Row],[Шт. в поддоне]], "")
A79: =B78 -> 46060.22 | B79: =Линия2[[#This Row],[Дата начала]]+Линия2[[#This Row],[Длительность]] -> 46061.502 | C79: =IF(E79="Вытеснение",TIME(0,30,0), IF(E79="Передача смены",TIME(0,20,0), IF(E79="Запуск",TIME(0,30,0), IF(E79="Смена ассортимента",TIME(0,15,0), IF(E79="Переналадка формата",TIME(5,0,0), IF(E79="CIP 1",TIME(0,40,0), IF(E79="CIP 2",TIME(2,30,0), IF(E79="CIP 3",TIME(3,20,0), IF(AND(ISNUMBER(F79),ISNUMBER(D79),D79>0),F79/D79/24,"Ошибка"))))))))) -> 1.2820513 | D79: 6500 | E79: Нектар Гранат 0,25 л ТМ «Дети» | F79: 200000 | G79: 1728 | H79: =IFERROR(Линия2[[#This Row],[Количество]]/Линия2[[#This Row],[Шт. в поддоне]], "") -> 115.74074
A80: =B79 -> 46061.502 | B80: =Линия2[[#This Row],[Дата начала]]+Линия2[[#This Row],[Длительность]] -> 46061.606 | C80: =IF(E80="Вытеснение",TIME(0,30,0), IF(E80="Передача смены",TIME(0,20,0), IF(E80="Запуск",TIME(0,30,0), IF(E80="Смена ассортимента",TIME(0,15,0), IF(E80="Переналадка формата",TIME(5,0,0), IF(E80="CIP 1",TIME(0,40,0), IF(E80="CIP 2",TIME(2,30,0), IF(E80="CIP 3",TIME(3,20,0), IF(AND(ISNUMBER(F80),ISNUMBER(D80),D80>0),F80/D80/24,"Ошибка"))))))))) -> 0.10416667 | E80: CIP 2 | H80: =IFERROR(Линия2[[#This Row],[Количество]]/Линия2[[#This Row],[Шт. в поддоне]], "")
A81: =B80 -> 46061.606 | B81: =Линия2[[#This Row],[Дата начала]]+Линия2[[#This Row],[Длительность]] -> 46062.119 | C81: =IF(E81="Вытеснение",TIME(0,30,0), IF(E81="Передача смены",TIME(0,20,0), IF(E81="Запуск",TIME(0,30,0), IF(E81="Смена ассортимента",TIME(0,15,0), IF(E81="Переналадка формата",TIME(5,0,0), IF(E81="CIP 1",TIME(0,40,0), IF(E81="CIP 2",TIME(2,30,0), IF(E81="CIP 3",TIME(3,20,0), IF(AND(ISNUMBER(F81),ISNUMBER(D81),D81>0),F81/D81/24,"Ошибка"))))))))) -> 0.51282051 | D81: 6500 | E81: Нектар Вишня 0,25 л ТМ «100% Джус» | F81: 80000 | G81: 1728 | H81: =IFERROR(Линия2[[#This Row],[Количество]]/Линия2[[#This Row],[Шт. в поддоне]], "") -> 46.296296
A82: =B81 -> 46062.119 | B82: =Линия2[[#This Row],[Дата начала]]+Линия2[[#This Row],[Длительность]] -> 46062.139 | C82: =IF(E82="Вытеснение",TIME(0,30,0), IF(E82="Передача смены",TIME(0,20,0), IF(E82="Запуск",TIME(0,30,0), IF(E82="Смена ассортимента",TIME(0,15,0), IF(E82="Переналадка формата",TIME(5,0,0), IF(E82="CIP 1",TIME(0,40,0), IF(E82="CIP 2",TIME(2,30,0), IF(E82="CIP 3",TIME(3,20,0), IF(AND(ISNUMBER(F82),ISNUMBER(D82),D82>0),F82/D82/24,"Ошибка"))))))))) -> 0.020833333 | E82: Вытеснение | H82: =IFERROR(Линия2[[#This Row],[Количество]]/Линия2[[#This Row],[Шт. в поддоне]], "")
A83: 46062 | B83: =Линия2[[#This Row],[Дата начала]]+Линия2[[#This Row],[Длительность]] -> 46063.282 | C83: =IF(E83="Вытеснение",TIME(0,30,0), IF(E83="Передача смены",TIME(0,20,0), IF(E83="Запуск",TIME(0,30,0), IF(E83="Смена ассортимента",TIME(0,15,0), IF(E83="Переналадка формата",TIME(5,0,0), IF(E83="CIP 1",TIME(0,40,0), IF(E83="CIP 2",TIME(2,30,0), IF(E83="CIP 3",TIME(3,20,0), IF(AND(ISNUMBER(F83),ISNUMBER(D83),D83>0),F83/D83/24,"Ошибка"))))))))) -> 1.2820513 | D83: 6500 | E83: Сок Гранат 0,25 л ТМ «100% Джус» | F83: 200000 | G83: 1728 | H83: =IFERROR(Линия2[[#This Row],[Количество]]/Линия2[[#This Row],[Шт. в поддоне]], "") -> 115.74074
A84: =B83 -> 46063.282 | B84: =Линия2[[#This Row],[Дата начала]]+Линия2[[#This Row],[Длительность]] -> 46063.386 | C84: =IF(E84="Вытеснение",TIME(0,30,0), IF(E84="Передача смены",TIME(0,20,0), IF(E84="Запуск",TIME(0,30,0), IF(E84="Смена ассортимента",TIME(0,15,0), IF(E84="Переналадка формата",TIME(5,0,0), IF(E84="CIP 1",TIME(0,40,0), IF(E84="CIP 2",TIME(2,30,0), IF(E84="CIP 3",TIME(3,20,0), IF(AND(ISNUMBER(F84),ISNUMBER(D84),D84>0),F84/D84/24,"Ошибка"))))))))) -> 0.10416667 | E84: CIP 2 | H84: =IFERROR(Линия2[[#This Row],[Количество]]/Линия2[[#This Row],[Шт. в поддоне]], "")
A85: 46063.333 | B85: =Линия2[[#This Row],[Дата начала]]+Линия2[[#This Row],[Длительность]] -> 46067.179 | C85: =IF(E85="Вытеснение",TIME(0,30,0), IF(E85="Передача смены",TIME(0,20,0), IF(E85="Запуск",TIME(0,30,0), IF(E85="Смена ассортимента",TIME(0,15,0), IF(E85="Переналадка формата",TIME(5,0,0), IF(E85="CIP 1",TIME(0,40,0), IF(E85="CIP 2",TIME(2,30,0), IF(E85="CIP 3",TIME(3,20,0), IF(AND(ISNUMBER(F85),ISNUMBER(D85),D85>0),F85/D85/24,"Ошибка"))))))))) -> 3.8461538 | D85: 6500 | E85: Нектар Гранат 0,25 л ТМ «Дети» | F85: 600000 | G85: 1728 | H85: =IFERROR(Линия2[[#This Row],[Количество]]/Линия2[[#This Row],[Шт. в поддоне]], "") -> 347.22222
A86: =B85 -> 46067.179 | B86: =Линия2[[#This Row],[Дата начала]]+Линия2[[#This Row],[Длительность]] -> 46067.318 | C86: =IF(E86="Вытеснение",TIME(0,30,0), IF(E86="Передача смены",TIME(0,20,0), IF(E86="Запуск",TIME(0,30,0), IF(E86="Смена ассортимента",TIME(0,15,0), IF(E86="Переналадка формата",TIME(5,0,0), IF(E86="CIP 1",TIME(0,40,0), IF(E86="CIP 2",TIME(2,30,0), IF(E86="CIP 3",TIME(3,20,0), IF(AND(ISNUMBER(F86),ISNUMBER(D86),D86>0),F86/D86/24,"Ошибка"))))))))) -> 0.13888889 | E86: CIP 3 | H86: =IFERROR(Линия2[[#This Row],[Количество]]/Линия2[[#This Row],[Шт. в поддоне]], "")
A87: =B86 -> 46067.318 | B87: =Линия2[[#This Row],[Дата начала]]+Линия2[[#This Row],[Длительность]] -> 46067.831 | C87: =IF(E87="Вытеснение",TIME(0,30,0), IF(E87="Передача смены",TIME(0,20,0), IF(E87="Запуск",TIME(0,30,0), IF(E87="Смена ассортимента",TIME(0,15,0), IF(E87="Переналадка формата",TIME(5,0,0), IF(E87="CIP 1",TIME(0,40,0), IF(E87="CIP 2",TIME(2,30,0), IF(E87="CIP 3",TIME(3,20,0), IF(AND(ISNUMBER(F87),ISNUMBER(D87),D87>0),F87/D87/24,"Ошибка"))))))))) -> 0.51282051 | D87: 6500 | E87: Сок Апельсин 0,25 л ТМ «100% Джус» | F87: 80000 | G87: 1728 | H87: =IFERROR(Линия2[[#This Row],[Количество]]/Линия2[[#This Row],[Шт. в поддоне]], "") -> 46.296296
A88: =B87 -> 46067.831 | B88: =Линия2[[#This Row],[Дата начала]]+Линия2[[#This Row],[Длительность]] -> 46067.852 | C88: =IF(E88="Вытеснение",TIME(0,30,0), IF(E88="Передача смены",TIME(0,20,0), IF(E88="Запуск",TIME(0,30,0), IF(E88="Смена ассортимента",TIME(0,15,0), IF(E88="Переналадка формата",TIME(5,0,0), IF(E88="CIP 1",TIME(0,40,0), IF(E88="CIP 2",TIME(2,30,0), IF(E88="CIP 3",TIME(3,20,0), IF(AND(ISNUMBER(F88),ISNUMBER(D88),D88>0),F88/D88/24,"Ошибка"))))))))) -> 0.020833333 | E88: Вытеснение | H88: =IFERROR(Линия2[[#This Row],[Количество]]/Линия2[[#This Row],[Шт. в поддоне]], "")
A89: =B88 -> 46067.852 | B89: =Линия2[[#This Row],[Дата начала]]+Линия2[[#This Row],[Длительность]] -> 46068.365 | C89: =IF(E89="Вытеснение",TIME(0,30,0), IF(E89="Передача смены",TIME(0,20,0), IF(E89="Запуск",TIME(0,30,0), IF(E89="Смена ассортимента",TIME(0,15,0), IF(E89="Переналадка формата",TIME(5,0,0), IF(E89="CIP 1",TIME(0,40,0), IF(E89="CIP 2",TIME(2,30,0), IF(E89="CIP 3",TIME(3,20,0), IF(AND(ISNUMBER(F89),ISNUMBER(D89),D89>0),F89/D89/24,"Ошибка"))))))))) -> 0.51282051 | D89: 6500 | E89: Нектар Мультифрукт 0,25 л ТМ «100% Джус» | F89: 80000 | G89: 1728 | H89: =IFERROR(Линия2[[#This Row],[Количество]]/Линия2[[#This Row],[Шт. в поддоне]], "") -> 46.296296
A90: =B89 -> 46068.365 | B90: =Линия2[[#This Row],[Дата начала]]+Линия2[[#This Row],[Длительность]] -> 46068.386 | C90: =IF(E90="Вытеснение",TIME(0,30,0), IF(E90="Передача смены",TIME(0,20,0), IF(E90="Запуск",TIME(0,30,0), IF(E90="Смена ассортимента",TIME(0,15,0), IF(E90="Переналадка формата",TIME(5,0,0), IF(E90="CIP 1",TIME(0,40,0), IF(E90="CIP 2",TIME(2,30,0), IF(E90="CIP 3",TIME(3,20,0), IF(AND(ISNUMBER(F90),ISNUMBER(D90),D90>0),F90/D90/24,"Ошибка"))))))))) -> 0.020833333 | E90: Вытеснение | H90: =IFERROR(Линия2[[#This Row],[Количество]]/Линия2[[#This Row],[Шт. в поддоне]], "")
A91: =B90 -> 46068.386 | B91: =Линия2[[#This Row],[Дата начала]]+Линия2[[#This Row],[Длительность]] -> 46068.899 | C91: =IF(E91="Вытеснение",TIME(0,30,0), IF(E91="Передача смены",TIME(0,20,0), IF(E91="Запуск",TIME(0,30,0), IF(E91="Смена ассортимента",TIME(0,15,0), IF(E91="Переналадка формата",TIME(5,0,0), IF(E91="CIP 1",TIME(0,40,0), IF(E91="CIP 2",TIME(2,30,0), IF(E91="CIP 3",TIME(3,20,0), IF(AND(ISNUMBER(F91),ISNUMBER(D91),D91>0),F91/D91/24,"Ошибка"))))))))) -> 0.51282051 | D91: 6500 | E91: Нектар Персик 0,25 л ТМ «100% Джус» | F91: 80000 | G91: 1728 | H91: =IFERROR(Линия2[[#This Row],[Количество]]/Линия2[[#This Row],[Шт. в поддоне]], "") -> 46.296296
A92: =B91 -> 46068.899 | B92: =Линия2[[#This Row],[Дата начала]]+Линия2[[#This Row],[Длительность]] -> 46069.037 | C92: =IF(E92="Вытеснение",TIME(0,30,0), IF(E92="Передача смены",TIME(0,20,0), IF(E92="Запуск",TIME(0,30,0), IF(E92="Смена ассортимента",TIME(0,15,0), IF(E92="Переналадка формата",TIME(5,0,0), IF(E92="CIP 1",TIME(0,40,0), IF(E92="CIP 2",TIME(2,30,0), IF(E92="CIP 3",TIME(3,20,0), IF(AND(ISNUMBER(F92),ISNUMBER(D92),D92>0),F92/D92/24,"Ошибка"))))))))) -> 0.13888889 | E92: CIP 3 | H92: =IFERROR(Линия2[[#This Row],[Количество]]/Линия2[[#This Row],[Шт. в поддоне]], "")
A93: 46068.833 | B93: =Линия2[[#This Row],[Дата начала]]+Линия2[[#This Row],[Длительность]] -> 46069.346 | C93: =IF(E93="Вытеснение",TIME(0,30,0), IF(E93="Передача смены",TIME(0,20,0), IF(E93="Запуск",TIME(0,30,0), IF(E93="Смена ассортимента",TIME(0,15,0), IF(E93="Переналадка формата",TIME(5,0,0), IF(E93="CIP 1",TIME(0,40,0), IF(E93="CIP 2",TIME(2,30,0), IF(E93="CIP 3",TIME(3,20,0), IF(AND(ISNUMBER(F93),ISNUMBER(D93),D93>0),F93/D93/24,"Ошибка"))))))))) -> 0.51282051 | D93: 6500 | E93: Нектар Банан-Киви 0,25 л ТМ «100% Джус» | F93: 80000 | G93: 1728 | H93: =IFERROR(Линия2[[#This Row],[Количество]]/Линия2[[#This Row],[Шт. в поддоне]], "") -> 46.296296
A94: 46069.5 | B94: =Линия2[[#This Row],[Дата начала]]+Линия2[[#This Row],[Длительность]] -> 46069.639 | C94: =IF(E94="Вытеснение",TIME(0,30,0), IF(E94="Передача смены",TIME(0,20,0), IF(E94="Запуск",TIME(0,30,0), IF(E94="Смена ассортимента",TIME(0,15,0), IF(E94="Переналадка формата",TIME(5,0,0), IF(E94="CIP 1",TIME(0,40,0), IF(E94="CIP 2",TIME(2,30,0), IF(E94="CIP 3",TIME(3,20,0), IF(AND(ISNUMBER(F94),ISNUMBER(D94),D94>0),F94/D94/24,"Ошибка"))))))))) -> 0.13888889 | E94: CIP 3 | H94: =IFERROR(Линия2[[#This Row],[Количество]]/Линия2[[#This Row],[Шт. в поддоне]], "")
A95: =B94 -> 46069.639 | B95: 46072.708 | C95: =IF(E95="Вытеснение",TIME(0,30,0), IF(E95="Передача смены",TIME(0,20,0), IF(E95="Запуск",TIME(0,30,0), IF(E95="Смена ассортимента",TIME(0,15,0), IF(E95="Переналадка формата",TIME(5,0,0), IF(E95="CIP 1",TIME(0,40,0), IF(E95="CIP 2",TIME(2,30,0), IF(E95="CIP 3",TIME(3,20,0), IF(AND(ISNUMBER(F95),ISNUMBER(D95),D95>0),F95/D95/24,"Ошибка"))))))))) -> 2.5641026 | D95: 6500 | E95: Нектар Гранат 0,25 л ТМ «Дети» | F95: 400000 | G95: 1728 | H95: =IFERROR(Линия2[[#This Row],[Количество]]/Линия2[[#This Row],[Шт. в поддоне]], "") -> 231.48148
A96: =B95 -> 46072.708 | B96: =Линия2[[#This Row],[Дата начала]]+Линия2[[#This Row],[Длительность]] -> 46072.812 | C96: =IF(E96="Вытеснение",TIME(0,30,0), IF(E96="Передача смены",TIME(0,20,0), IF(E96="Запуск",TIME(0,30,0), IF(E96="Смена ассортимента",TIME(0,15,0), IF(E96="Переналадка формата",TIME(5,0,0), IF(E96="CIP 1",TIME(0,40,0), IF(E96="CIP 2",TIME(2,30,0), IF(E96="CIP 3",TIME(3,20,0), IF(AND(ISNUMBER(F96),ISNUMBER(D96),D96>0),F96/D96/24,"Ошибка"))))))))) -> 0.10416667 | E96: CIP 2 | H96: =IFERROR(Линия2[[#This Row],[Количество]]/Линия2[[#This Row],[Шт. в поддоне]], "")
A97: =B96 -> 46072.812 | B97: =Линия2[[#This Row],[Дата начала]]+Линия2[[#This Row],[Длительность]] -> 46073.582 | C97: =IF(E97="Вытеснение",TIME(0,30,0), IF(E97="Передача смены",TIME(0,20,0), IF(E97="Запуск",TIME(0,30,0), IF(E97="Смена ассортимента",TIME(0,15,0), IF(E97="Переналадка формата",TIME(5,0,0), IF(E97="CIP 1",TIME(0,40,0), IF(E97="CIP 2",TIME(2,30,0), IF(E97="CIP 3",TIME(3,20,0), IF(AND(ISNUMBER(F97),ISNUMBER(D97),D97>0),F97/D97/24,"Ошибка"))))))))) -> 0.76923077 | D97: 6500 | E97: Сок Гранат 0,25 л ТМ «100% Джус» | F97: 120000 | G97: 1728 | H97: =IFERROR(Линия2[[#This Row],[Количество]]/Линия2[[#This Row],[Шт. в поддоне]], "") -> 69.444444
A98: ='Линия 3'!B188 -> 46081.761 | B98: =Линия2[[#This Row],[Дата начала]]+Линия2[[#This Row],[Длительность]] -> 46081.865 | C98: =IF(E98="Вытеснение",TIME(0,30,0), IF(E98="Передача смены",TIME(0,20,0), IF(E98="Запуск",TIME(0,30,0), IF(E98="Смена ассортимента",TIME(0,15,0), IF(E98="Переналадка формата",TIME(5,0,0), IF(E98="CIP 1",TIME(0,40,0), IF(E98="CIP 2",TIME(2,30,0), IF(E98="CIP 3",TIME(3,20,0), IF(AND(ISNUMBER(F98),ISNUMBER(D98),D98>0),F98/D98/24,"Ошибка"))))))))) -> 0.10416667 | E98: CIP 2 | H98: =IFERROR(Линия2[[#This Row],[Количество]]/Линия2[[#This Row],[Шт. в поддоне]], "")
A99: =B98 -> 46081.865 | B99: =Линия2[[#This Row],[Дата начала]]+Линия2[[#This Row],[Длительность]] -> 46082.635 | C99: =IF(E99="Вытеснение",TIME(0,30,0), IF(E99="Передача смены",TIME(0,20,0), IF(E99="Запуск",TIME(0,30,0), IF(E99="Смена ассортимента",TIME(0,15,0), IF(E99="Переналадка формата",TIME(5,0,0), IF(E99="CIP 1",TIME(0,40,0), IF(E99="CIP 2",TIME(2,30,0), IF(E99="CIP 3",TIME(3,20,0), IF(AND(ISNUMBER(F99),ISNUMBER(D99),D99>0),F99/D99/24,"Ошибка"))))))))) -> 0.76923077 | D99: 6500 | E99: Сок Яблоко 0,25 л ТМ «100% Джус» | F99: 120000 | G99: 1728 | H99: =IFERROR(Линия2[[#This Row],[Количество]]/Линия2[[#This Row],[Шт. в поддоне]], "") -> 69.444444
A100: =B99 -> 46082.635 | B100: =Линия2[[#This Row],[Дата начала]]+Линия2[[#This Row],[Длительность]] -> 46082.739 | C100: =IF(E100="Вытеснение",TIME(0,30,0), IF(E100="Передача смены",TIME(0,20,0), IF(E100="Запуск",TIME(0,30,0), IF(E100="Смена ассортимента",TIME(0,15,0), IF(E100="Переналадка формата",TIME(5,0,0), IF(E100="CIP 1",TIME(0,40,0), IF(E100="CIP 2",TIME(2,30,0), IF(E100="CIP 3",TIME(3,20,0), IF(AND(ISNUMBER(F100),ISNUMBER(D100),D100>0),F100/D100/24,"Ошибка"))))))))) -> 0.10416667 | E100: CIP 2 | H100: =IFERROR(Линия2[[#This Row],[Количество]]/Линия2[[#This Row],[Шт. в поддоне]], "")
...

Sheet Линия 3
A1: Линия розлива №3
A2: Дата начала | B2: Дата конца | C2: Длительность | D2: Скорость | E2: Наименование | F2: Количество | G2: Шт. в поддоне | H2: Кол-во поддоном
A3: =Линия3[[#This Row],[Дата конца]]-Линия3[[#This Row],[Длительность]] -> 45995.798 | B3: 45996.542 | C3: =IF(E3="Вытеснение",TIME(0,30,0), IF(E3="Передача смены",TIME(0,20,0), IF(E3="Запуск",TIME(0,30,0), IF(E3="Смена ассортимента",TIME(0,15,0), IF(E3="Переналадка формата",TIME(5,0,0), IF(E3="CIP 1",TIME(0,40,0), IF(E3="CIP 2",TIME(2,30,0), IF(E3="CIP 3",TIME(3,20,0), IF(AND(ISNUMBER(F3),ISNUMBER(D3),D3>0),F3/D3/24,"Ошибка"))))))))) -> 0.74324324 | D3: 3700 | E3: Нектар Тыква 0,75 л ТМ «Soko GRANDE» | F3: 66000 | G3: 756 | H3: =IFERROR(Линия3[[#This Row],[Количество]]/Линия3[[#This Row],[Шт. в поддоне]], "") -> 87.301587
A4: =B3 -> 45996.542 | B4: =Линия3[[#This Row],[Дата начала]]+Линия3[[#This Row],[Длительность]] -> 45996.646 | C4: =IF(E4="Вытеснение",TIME(0,30,0), IF(E4="Передача смены",TIME(0,20,0), IF(E4="Запуск",TIME(0,30,0), IF(E4="Смена ассортимента",TIME(0,15,0), IF(E4="Переналадка формата",TIME(5,0,0), IF(E4="CIP 1",TIME(0,40,0), IF(E4="CIP 2",TIME(2,30,0), IF(E4="CIP 3",TIME(3,20,0), IF(AND(ISNUMBER(F4),ISNUMBER(D4),D4>0),F4/D4/24,"Ошибка"))))))))) -> 0.10416667 | E4: CIP 2 | H4: =IFERROR(Линия3[[#This Row],[Количество]]/Линия3[[#This Row],[Шт. в поддоне]], "")
A5: =B4 -> 45996.646 | B5: =Линия3[[#This Row],[Дата начала]]+Линия3[[#This Row],[Длительность]] -> 45997.029 | C5: =IF(E5="Вытеснение",TIME(0,30,0), IF(E5="Передача смены",TIME(0,20,0), IF(E5="Запуск",TIME(0,30,0), IF(E5="Смена ассортимента",TIME(0,15,0), IF(E5="Переналадка формата",TIME(5,0,0), IF(E5="CIP 1",TIME(0,40,0), IF(E5="CIP 2",TIME(2,30,0), IF(E5="CIP 3",TIME(3,20,0), IF(AND(ISNUMBER(F5),ISNUMBER(D5),D5>0),F5/D5/24,"Ошибка"))))))))) -> 0.38288288 | D5: 3700 | E5: Нектар Тыква 0,75 л ТМ «Soko GRANDE» | F5: 34000 | G5: 756 | H5: =IFERROR(Линия3[[#This Row],[Количество]]/Линия3[[#This Row],[Шт. в поддоне]], "") -> 44.973545
A6: =B5 -> 45997.029 | B6: =Линия3[[#This Row],[Дата начала]]+Линия3[[#This Row],[Длительность]] -> 45997.039 | C6: =IF(E6="Вытеснение",TIME(0,30,0), IF(E6="Передача смены",TIME(0,20,0), IF(E6="Запуск",TIME(0,30,0), IF(E6="Смена ассортимента",TIME(0,15,0), IF(E6="Переналадка формата",TIME(5,0,0), IF(E6="CIP 1",TIME(0,40,0), IF(E6="CIP 2",TIME(2,30,0), IF(E6="CIP 3",TIME(3,20,0), IF(AND(ISNUMBER(F6),ISNUMBER(D6),D6>0),F6/D6/24,"Ошибка"))))))))) -> 0.010416667 | E6: Смена ассортимента | H6: =IFERROR(Линия3[[#This Row],[Количество]]/Линия3[[#This Row],[Шт. в поддоне]], "")
A7: =B6 -> 45997.039 | B7: =Линия3[[#This Row],[Дата начала]]+Линия3[[#This Row],[Длительность]] -> 45997.411 | C7: =IF(E7="Вытеснение",TIME(0,30,0), IF(E7="Передача смены",TIME(0,20,0), IF(E7="Запуск",TIME(0,30,0), IF(E7="Смена ассортимента",TIME(0,15,0), IF(E7="Переналадка формата",TIME(5,0,0), IF(E7="CIP 1",TIME(0,40,0), IF(E7="CIP 2",TIME(2,30,0), IF(E7="CIP 3",TIME(3,20,0), IF(AND(ISNUMBER(F7),ISNUMBER(D7),D7>0),F7/D7/24,"Ошибка"))))))))) -> 0.37162162 | D7: 3700 | E7: Нектар Тыква 0,75 л ТМ «Мамина Дача» | F7: 33000 | G7: 756 | H7: =IFERROR(Линия3[[#This Row],[Количество]]/Линия3[[#This Row],[Шт. в поддоне]], "") -> 43.650794
A8: =B7 -> 45997.411 | B8: =Линия3[[#This Row],[Дата начала]]+Линия3[[#This Row],[Длительность]] -> 45997.515 | C8: =IF(E8="Вытеснение",TIME(0,30,0), IF(E8="Передача смены",TIME(0,20,0), IF(E8="Запуск",TIME(0,30,0), IF(E8="Смена ассортимента",TIME(0,15,0), IF(E8="Переналадка формата",TIME(5,0,0), IF(E8="CIP 1",TIME(0,40,0), IF(E8="CIP 2",TIME(2,30,0), IF(E8="CIP 3",TIME(3,20,0), IF(AND(ISNUMBER(F8),ISNUMBER(D8),D8>0),F8/D8/24,"Ошибка"))))))))) -> 0.10416667 | E8: CIP 2 | H8: =IFERROR(Линия3[[#This Row],[Количество]]/Линия3[[#This Row],[Шт. в поддоне]], "")
A9: =B8 -> 45997.515 | B9: =Линия3[[#This Row],[Дата начала]]+Линия3[[#This Row],[Длительность]] -> 45997.808 | C9: =IF(E9="Вытеснение",TIME(0,30,0), IF(E9="Передача смены",TIME(0,20,0), IF(E9="Запуск",TIME(0,30,0), IF(E9="Смена ассортимента",TIME(0,15,0), IF(E9="Переналадка формата",TIME(5,0,0), IF(E9="CIP 1",TIME(0,40,0), IF(E9="CIP 2",TIME(2,30,0), IF(E9="CIP 3",TIME(3,20,0), IF(AND(ISNUMBER(F9),ISNUMBER(D9),D9>0),F9/D9/24,"Ошибка"))))))))) -> 0.29279279 | D9: 3700 | E9: Нектар Облепиха 0,75 л ТМ «Мамина Дача» | F9: 26000 | G9: 756 | H9: =IFERROR(Линия3[[#This Row],[Количество]]/Линия3[[#This Row],[Шт. в поддоне]], "") -> 34.391534
A10: =B9 -> 45997.808 | B10: =Линия3[[#This Row],[Дата начала]]+Линия3[[#This Row],[Длительность]] -> 45997.912 | C10: =IF(E10="Вытеснение",TIME(0,30,0), IF(E10="Передача смены",TIME(0,20,0), IF(E10="Запуск",TIME(0,30,0), IF(E10="Смена ассортимента",TIME(0,15,0), IF(E10="Переналадка формата",TIME(5,0,0), IF(E10="CIP 1",TIME(0,40,0), IF(E10="CIP 2",TIME(2,30,0), IF(E10="CIP 3",TIME(3,20,0), IF(AND(ISNUMBER(F10),ISNUMBER(D10),D10>0),F10/D10/24,"Ошибка"))))))))) -> 0.10416667 | E10: CIP 2 | H10: =IFERROR(Линия3[[#This Row],[Количество]]/Линия3[[#This Row],[Шт. в поддоне]], "")
A11: 45998.167 | B11: =Линия3[[#This Row],[Дата начала]]+Линия3[[#This Row],[Длительность]] -> 45998.529 | C11: =IF(E11="Вытеснение",TIME(0,30,0), IF(E11="Передача смены",TIME(0,20,0), IF(E11="Запуск",TIME(0,30,0), IF(E11="Смена ассортимента",TIME(0,15,0), IF(E11="Переналадка формата",TIME(5,0,0), IF(E11="CIP 1",TIME(0,40,0), IF(E11="CIP 2",TIME(2,30,0), IF(E11="CIP 3",TIME(3,20,0), IF(AND(ISNUMBER(F11),ISNUMBER(D11),D11>0),F11/D11/24,"Ошибка"))))))))) -> 0.36231884 | D11: 4600 | E11: Нектар Манго 0,75 л ТМ «Мамина Дача» | F11: 40000 | G11: 756 | H11: =IFERROR(Линия3[[#This Row],[Количество]]/Линия3[[#This Row],[Шт. в поддоне]], "") -> 52.910053
A12: =B11 -> 45998.529 | B12: =Линия3[[#This Row],[Дата начала]]+Линия3[[#This Row],[Длительность]] -> 45998.633 | C12: =IF(E12="Вытеснение",TIME(0,30,0), IF(E12="Передача смены",TIME(0,20,0), IF(E12="Запуск",TIME(0,30,0), IF(E12="Смена ассортимента",TIME(0,15,0), IF(E12="Переналадка формата",TIME(5,0,0), IF(E12="CIP 1",TIME(0,40,0), IF(E12="CIP 2",TIME(2,30,0), IF(E12="CIP 3",TIME(3,20,0), IF(AND(ISNUMBER(F12),ISNUMBER(D12),D12>0),F12/D12/24,"Ошибка"))))))))) -> 0.10416667 | E12: CIP 2 | H12: =IFERROR(Линия3[[#This Row],[Количество]]/Линия3[[#This Row],[Шт. в поддоне]], "")
A13: 45999.021 | B13: =Линия3[[#This Row],[Дата начала]]+Линия3[[#This Row],[Длительность]] -> 45999.764 | C13: =IF(E13="Вытеснение",TIME(0,30,0), IF(E13="Передача смены",TIME(0,20,0), IF(E13="Запуск",TIME(0,30,0), IF(E13="Смена ассортимента",TIME(0,15,0), IF(E13="Переналадка формата",TIME(5,0,0), IF(E13="CIP 1",TIME(0,40,0), IF(E13="CIP 2",TIME(2,30,0), IF(E13="CIP 3",TIME(3,20,0), IF(AND(ISNUMBER(F13),ISNUMBER(D13),D13>0),F13/D13/24,"Ошибка"))))))))) -> 0.74324324 | D13: 3700 | E13: Нектар Тыква 0,75 л ТМ «Soko GRANDE» | F13: 66000 | G13: 756 | H13: =IFERROR(Линия3[[#This Row],[Количество]]/Линия3[[#This Row],[Шт. в поддоне]], "") -> 87.301587
A14: =B13 -> 45999.764 | B14: =Линия3[[#This Row],[Дата начала]]+Линия3[[#This Row],[Длительность]] -> 45999.868 | C14: =IF(E14="Вытеснение",TIME(0,30,0), IF(E14="Передача смены",TIME(0,20,0), IF(E14="Запуск",TIME(0,30,0), IF(E14="Смена ассортимента",TIME(0,15,0), IF(E14="Переналадка формата",TIME(5,0,0), IF(E14="CIP 1",TIME(0,40,0), IF(E14="CIP 2",TIME(2,30,0), IF(E14="CIP 3",TIME(3,20,0), IF(AND(ISNUMBER(F14),ISNUMBER(D14),D14>0),F14/D14/24,"Ошибка"))))))))) -> 0.10416667 | E14: CIP 2 | H14: =IFERROR(Линия3[[#This Row],[Количество]]/Линия3[[#This Row],[Шт. в поддоне]], "")
A15: =B14 -> 45999.868 | B15: =Линия3[[#This Row],[Дата начала]]+Линия3[[#This Row],[Длительность]] -> 46000.319 | C15: =IF(E15="Вытеснение",TIME(0,30,0), IF(E15="Передача смены",TIME(0,20,0), IF(E15="Запуск",TIME(0,30,0), IF(E15="Смена ассортимента",TIME(0,15,0), IF(E15="Переналадка формата",TIME(5,0,0), IF(E15="CIP 1",TIME(0,40,0), IF(E15="CIP 2",TIME(2,30,0), IF(E15="CIP 3",TIME(3,20,0), IF(AND(ISNUMBER(F15),ISNUMBER(D15),D15>0),F15/D15/24,"Ошибка"))))))))) -> 0.45045045 | D15: 3700 | E15: Сок Томат 0,75 л ТМ «Мамина Дача» | F15: 40000 | G15: 756 | H15: =IFERROR(Линия3[[#This Row],[Количество]]/Линия3[[#This Row],[Шт. в поддоне]], "") -> 52.910053
A16: =B15 -> 46000.319 | B16: =Линия3[[#This Row],[Дата начала]]+Линия3[[#This Row],[Длительность]] -> 46000.527 | C16: 0.20833333 | E16: CIP 3 + Переналадка на прайм | H16: =IFERROR(Линия3[[#This Row],[Количество]]/Линия3[[#This Row],[Шт. в поддоне]], "")
A17: 46000.604 | B17: =Линия3[[#This Row],[Дата начала]]+Линия3[[#This Row],[Длительность]] -> 46001.057 | C17: =IF(E17="Вытеснение",TIME(0,30,0), IF(E17="Передача смены",TIME(0,20,0), IF(E17="Запуск",TIME(0,30,0), IF(E17="Смена ассортимента",TIME(0,15,0), IF(E17="Переналадка формата",TIME(5,0,0), IF(E17="CIP 1",TIME(0,40,0), IF(E17="CIP 2",TIME(2,30,0), IF(E17="CIP 3",TIME(3,20,0), IF(AND(ISNUMBER(F17),ISNUMBER(D17),D17>0),F17/D17/24,"Ошибка"))))))))) -> 0.45289855 | D17: 4600 | E17: Нектар Морковь 1,0 л ТМ «Баринофф» | F17: 50000 | G17: 504 | H17: =IFERROR(Линия3[[#This Row],[Количество]]/Линия3[[#This Row],[Шт. в поддоне]], "") -> 99.206349
A18: =B17 -> 46001.057 | B18: =Линия3[[#This Row],[Дата начала]]+Линия3[[#This Row],[Длительность]] -> 46001.161 | C18: =IF(E18="Вытеснение",TIME(0,30,0), IF(E18="Передача смены",TIME(0,20,0), IF(E18="Запуск",TIME(0,30,0), IF(E18="Смена ассортимента",TIME(0,15,0), IF(E18="Переналадка формата",TIME(5,0,0), IF(E18="CIP 1",TIME(0,40,0), IF(E18="CIP 2",TIME(2,30,0), IF(E18="CIP 3",TIME(3,20,0), IF(AND(ISNUMBER(F18),ISNUMBER(D18),D18>0),F18/D18/24,"Ошибка"))))))))) -> 0.10416667 | E18: CIP 2 | H18: =IFERROR(Линия3[[#This Row],[Количество]]/Линия3[[#This Row],[Шт. в поддоне]], "")
A19: 46001.479 | B19: =Линия3[[#This Row],[Дата начала]]+Линия3[[#This Row],[Длительность]] -> 46001.932 | C19: =IF(E19="Вытеснение",TIME(0,30,0), IF(E19="Передача смены",TIME(0,20,0), IF(E19="Запуск",TIME(0,30,0), IF(E19="Смена ассортимента",TIME(0,15,0), IF(E19="Переналадка формата",TIME(5,0,0), IF(E19="CIP 1",TIME(0,40,0), IF(E19="CIP 2",TIME(2,30,0), IF(E19="CIP 3",TIME(3,20,0), IF(AND(ISNUMBER(F19),ISNUMBER(D19),D19>0),F19/D19/24,"Ошибка"))))))))) -> 0.45289855 | D19: 4600 | E19: Сок Томат 1,0 л ТМ «Баринофф» | F19: 50000 | G19: 504 | H19: =IFERROR(Линия3[[#This Row],[Количество]]/Линия3[[#This Row],[Шт. в поддоне]], "") -> 99.206349
A20: =B19 -> 46001.932 | B20: =Линия3[[#This Row],[Дата начала]]+Линия3[[#This Row],[Длительность]] -> 46002.071 | C20: =IF(E20="Вытеснение",TIME(0,30,0), IF(E20="Передача смены",TIME(0,20,0), IF(E20="Запуск",TIME(0,30,0), IF(E20="Смена ассортимента",TIME(0,15,0), IF(E20="Переналадка формата",TIME(5,0,0), IF(E20="CIP 1",TIME(0,40,0), IF(E20="CIP 2",TIME(2,30,0), IF(E20="CIP 3",TIME(3,20,0), IF(AND(ISNUMBER(F20),ISNUMBER(D20),D20>0),F20/D20/24,"Ошибка"))))))))) -> 0.13888889 | E20: CIP 3 | H20: =IFERROR(Линия3[[#This Row],[Количество]]/Линия3[[#This Row],[Шт. в поддоне]], "")
A21: =B20 -> 46002.071 | B21: =Линия3[[#This Row],[Дата начала]]+Линия3[[#This Row],[Длительность]] -> 46002.524 | C21: =IF(E21="Вытеснение",TIME(0,30,0), IF(E21="Передача смены",TIME(0,20,0), IF(E21="Запуск",TIME(0,30,0), IF(E21="Смена ассортимента",TIME(0,15,0), IF(E21="Переналадка формата",TIME(5,0,0), IF(E21="CIP 1",TIME(0,40,0), IF(E21="CIP 2",TIME(2,30,0), IF(E21="CIP 3",TIME(3,20,0), IF(AND(ISNUMBER(F21),ISNUMBER(D21),D21>0),F21/D21/24,"Ошибка"))))))))) -> 0.45289855 | D21: 4600 | E21: Нектар Манго 1,0 л ТМ «Баринофф» | F21: 50000 | G21: 504 | H21: =IFERROR(Линия3[[#This Row],[Количество]]/Линия3[[#This Row],[Шт. в поддоне]], "") -> 99.206349
A22: =B21 -> 46002.524 | B22: =Линия3[[#This Row],[Дата начала]]+Линия3[[#This Row],[Длительность]] -> 46002.545 | C22: =IF(E22="Вытеснение",TIME(0,30,0), IF(E22="Передача смены",TIME(0,20,0), IF(E22="Запуск",TIME(0,30,0), IF(E22="Смена ассортимента",TIME(0,15,0), IF(E22="Переналадка формата",TIME(5,0,0), IF(E22="CIP 1",TIME(0,40,0), IF(E22="CIP 2",TIME(2,30,0), IF(E22="CIP 3",TIME(3,20,0), IF(AND(ISNUMBER(F22),ISNUMBER(D22),D22>0),F22/D22/24,"Ошибка"))))))))) -> 0.020833333 | E22: вытеснение | H22: =IFERROR(Линия3[[#This Row],[Количество]]/Линия3[[#This Row],[Шт. в поддоне]], "")
A23: 46003.292 | B23: =Линия3[[#This Row],[Дата начала]]+Линия3[[#This Row],[Длительность]] -> 46003.654 | C23: =IF(E23="Вытеснение",TIME(0,30,0), IF(E23="Передача смены",TIME(0,20,0), IF(E23="Запуск",TIME(0,30,0), IF(E23="Смена ассортимента",TIME(0,15,0), IF(E23="Переналадка формата",TIME(5,0,0), IF(E23="CIP 1",TIME(0,40,0), IF(E23="CIP 2",TIME(2,30,0), IF(E23="CIP 3",TIME(3,20,0), IF(AND(ISNUMBER(F23),ISNUMBER(D23),D23>0),F23/D23/24,"Ошибка"))))))))) -> 0.36231884 | D23: 4600 | E23: Нектар Персик 1,0 л ТМ «Баринофф» | F23: 40000 | G23: 504 | H23: =IFERROR(Линия3[[#This Row],[Количество]]/Линия3[[#This Row],[Шт. в поддоне]], "") -> 79.365079
A24: =B23 -> 46003.654 | B24: =Линия3[[#This Row],[Дата начала]]+Линия3[[#This Row],[Длительность]] -> 46003.758 | C24: =IF(E24="Вытеснение",TIME(0,30,0), IF(E24="Передача смены",TIME(0,20,0), IF(E24="Запуск",TIME(0,30,0), IF(E24="Смена ассортимента",TIME(0,15,0), IF(E24="Переналадка формата",TIME(5,0,0), IF(E24="CIP 1",TIME(0,40,0), IF(E24="CIP 2",TIME(2,30,0), IF(E24="CIP 3",TIME(3,20,0), IF(AND(ISNUMBER(F24),ISNUMBER(D24),D24>0),F24/D24/24,"Ошибка"))))))))) -> 0.10416667 | E24: CIP 2 | H24: =IFERROR(Линия3[[#This Row],[Количество]]/Линия3[[#This Row],[Шт. в поддоне]], "")
A25: =B24 -> 46003.758 | B25: =Линия3[[#This Row],[Дата начала]]+Линия3[[#This Row],[Длительность]] -> 46004.03 | C25: =IF(E25="Вытеснение",TIME(0,30,0), IF(E25="Передача смены",TIME(0,20,0), IF(E25="Запуск",TIME(0,30,0), IF(E25="Смена ассортимента",TIME(0,15,0), IF(E25="Переналадка формата",TIME(5,0,0), IF(E25="CIP 1",TIME(0,40,0), IF(E25="CIP 2",TIME(2,30,0), IF(E25="CIP 3",TIME(3,20,0), IF(AND(ISNUMBER(F25),ISNUMBER(D25),D25>0),F25/D25/24,"Ошибка"))))))))) -> 0.27173913 | D25: 4600 | E25: Сок Апельсин 1,0 л ТМ «Баринофф» | F25: 30000 | G25: 504 | H25: =IFERROR(Линия3[[#This Row],[Количество]]/Линия3[[#This Row],[Шт. в поддоне]], "") -> 59.52381
A26: =B25 -> 46004.03 | B26: =Линия3[[#This Row],[Дата начала]]+Линия3[[#This Row],[Длительность]] -> 46004.051 | C26: =IF(E26="Вытеснение",TIME(0,30,0), IF(E26="Передача смены",TIME(0,20,0), IF(E26="Запуск",TIME(0,30,0), IF(E26="Смена ассортимента",TIME(0,15,0), IF(E26="Переналадка формата",TIME(5,0,0), IF(E26="CIP 1",TIME(0,40,0), IF(E26="CIP 2",TIME(2,30,0), IF(E26="CIP 3",TIME(3,20,0), IF(AND(ISNUMBER(F26),ISNUMBER(D26),D26>0),F26/D26/24,"Ошибка"))))))))) -> 0.020833333 | E26: вытеснение | H26: =IFERROR(Линия3[[#This Row],[Количество]]/Линия3[[#This Row],[Шт. в поддоне]], "")
A27: =B26 -> 46004.051 | B27: =Линия3[[#This Row],[Дата начала]]+Линия3[[#This Row],[Длительность]] -> 46004.322 | C27: =IF(E27="Вытеснение",TIME(0,30,0), IF(E27="Передача смены",TIME(0,20,0), IF(E27="Запуск",TIME(0,30,0), IF(E27="Смена ассортимента",TIME(0,15,0), IF(E27="Переналадка формата",TIME(5,0,0), IF(E27="CIP 1",TIME(0,40,0), IF(E27="CIP 2",TIME(2,30,0), IF(E27="CIP 3",TIME(3,20,0), IF(AND(ISNUMBER(F27),ISNUMBER(D27),D27>0),F27/D27/24,"Ошибка"))))))))) -> 0.27173913 | D27: 4600 | E27: Нектар Мультифрукт 1,0 л ТМ «Баринофф» | F27: 30000 | G27: 504 | H27: =IFERROR(Линия3[[#This Row],[Количество]]/Линия3[[#This Row],[Шт. в поддоне]], "") -> 59.52381
A28: =B27 -> 46004.322 | B28: =Линия3[[#This Row],[Дата начала]]+Линия3[[#This Row],[Длительность]] -> 46004.427 | C28: =IF(E28="Вытеснение",TIME(0,30,0), IF(E28="Передача смены",TIME(0,20,0), IF(E28="Запуск",TIME(0,30,0), IF(E28="Смена ассортимента",TIME(0,15,0), IF(E28="Переналадка формата",TIME(5,0,0), IF(E28="CIP 1",TIME(0,40,0), IF(E28="CIP 2",TIME(2,30,0), IF(E28="CIP 3",TIME(3,20,0), IF(AND(ISNUMBER(F28),ISNUMBER(D28),D28>0),F28/D28/24,"Ошибка"))))))))) -> 0.10416667 | E28: CIP 2 | H28: =IFERROR(Линия3[[#This Row],[Количество]]/Линия3[[#This Row],[Шт. в поддоне]], "")
A29: =B28 -> 46004.427 | B29: =Линия3[[#This Row],[Дата начала]]+Линия3[[#This Row],[Длительность]] -> 46004.764 | C29: =IF(E29="Вытеснение",TIME(0,30,0), IF(E29="Передача смены",TIME(0,20,0), IF(E29="Запуск",TIME(0,30,0), IF(E29="Смена ассортимента",TIME(0,15,0), IF(E29="Переналадка формата",TIME(5,0,0), IF(E29="CIP 1",TIME(0,40,0), IF(E29="CIP 2",TIME(2,30,0), IF(E29="CIP 3",TIME(3,20,0), IF(AND(ISNUMBER(F29),ISNUMBER(D29),D29>0),F29/D29/24,"Ошибка"))))))))) -> 0.33783784 | D29: 3700 | E29: Сок Груша 1,0 л ТМ «Баринофф» | F29: 30000 | G29: 504 | H29: =IFERROR(Линия3[[#This Row],[Количество]]/Линия3[[#This Row],[Шт. в поддоне]], "") -> 59.52381
A30: =B29 -> 46004.764 | B30: =Линия3[[#This Row],[Дата начала]]+Линия3[[#This Row],[Длительность]] -> 46004.903 | C30: =IF(E30="Вытеснение",TIME(0,30,0), IF(E30="Передача смены",TIME(0,20,0), IF(E30="Запуск",TIME(0,30,0), IF(E30="Смена ассортимента",TIME(0,15,0), IF(E30="Переналадка формата",TIME(5,0,0), IF(E30="CIP 1",TIME(0,40,0), IF(E30="CIP 2",TIME(2,30,0), IF(E30="CIP 3",TIME(3,20,0), IF(AND(ISNUMBER(F30),ISNUMBER(D30),D30>0),F30/D30/24,"Ошибка"))))))))) -> 0.13888889 | E30: CIP 3 | H30: =IFERROR(Линия3[[#This Row],[Количество]]/Линия3[[#This Row],[Шт. в поддоне]], "")
A31: =B30 -> 46004.903 | B31: =Линия3[[#This Row],[Дата начала]]+Линия3[[#This Row],[Длительность]] -> 46005.466 | C31: =IF(E31="Вытеснение",TIME(0,30,0), IF(E31="Передача смены",TIME(0,20,0), IF(E31="Запуск",TIME(0,30,0), IF(E31="Смена ассортимента",TIME(0,15,0), IF(E31="Переналадка формата",TIME(5,0,0), IF(E31="CIP 1",TIME(0,40,0), IF(E31="CIP 2",TIME(2,30,0), IF(E31="CIP 3",TIME(3,20,0), IF(AND(ISNUMBER(F31),ISNUMBER(D31),D31>0),F31/D31/24,"Ошибка"))))))))) -> 0.56306306 | D31: 3700 | E31: Нектар Тыква 1,0 л ТМ «Баринофф» | F31: 50000 | G31: 504 | H31: =IFERROR(Линия3[[#This Row],[Количество]]/Линия3[[#This Row],[Шт. в поддоне]], "") -> 99.206349
A32: =B31 -> 46005.466 | B32: =Линия3[[#This Row],[Дата начала]]+Линия3[[#This Row],[Длительность]] -> 46005.571 | C32: =IF(E32="Вытеснение",TIME(0,30,0), IF(E32="Передача смены",TIME(0,20,0), IF(E32="Запуск",TIME(0,30,0), IF(E32="Смена ассортимента",TIME(0,15,0), IF(E32="Переналадка формата",TIME(5,0,0), IF(E32="CIP 1",TIME(0,40,0), IF(E32="CIP 2",TIME(2,30,0), IF(E32="CIP 3",TIME(3,20,0), IF(AND(ISNUMBER(F32),ISNUMBER(D32),D32>0),F32/D32/24,"Ошибка"))))))))) -> 0.10416667 | E32: CIP 2 | H32: =IFERROR(Линия3[[#This Row],[Количество]]/Линия3[[#This Row],[Шт. в поддоне]], "")
A33: =B32 -> 46005.571 | B33: =Линия3[[#This Row],[Дата начала]]+Линия3[[#This Row],[Длительность]] -> 46006.246 | C33: =IF(E33="Вытеснение",TIME(0,30,0), IF(E33="Передача смены",TIME(0,20,0), IF(E33="Запуск",TIME(0,30,0), IF(E33="Смена ассортимента",TIME(0,15,0), IF(E33="Переналадка формата",TIME(5,0,0), IF(E33="CIP 1",TIME(0,40,0), IF(E33="CIP 2",TIME(2,30,0), IF(E33="CIP 3",TIME(3,20,0), IF(AND(ISNUMBER(F33),ISNUMBER(D33),D33>0),F33/D33/24,"Ошибка"))))))))) -> 0.67567568 | D33: 3700 | E33: Сок Гранат 1,0 л ТМ «Баринофф» | F33: 60000 | G33: 504 | H33: =IFERROR(Линия3[[#This Row],[Количество]]/Линия3[[#This Row],[Шт. в поддоне]], "") -> 119.04762
A34: =B33 -> 46006.246 | B34: =Линия3[[#This Row],[Дата начала]]+Линия3[[#This Row],[Длительность]] -> 46006.385 | C34: =IF(E34="Вытеснение",TIME(0,30,0), IF(E34="Передача смены",TIME(0,20,0), IF(E34="Запуск",TIME(0,30,0), IF(E34="Смена ассортимента",TIME(0,15,0), IF(E34="Переналадка формата",TIME(5,0,0), IF(E34="CIP 1",TIME(0,40,0), IF(E34="CIP 2",TIME(2,30,0), IF(E34="CIP 3",TIME(3,20,0), IF(AND(ISNUMBER(F34),ISNUMBER(D34),D34>0),F34/D34/24,"Ошибка"))))))))) -> 0.13888889 | E34: CIP 3 | H34: =IFERROR(Линия3[[#This Row],[Количество]]/Линия3[[#This Row],[Шт. в поддоне]], "")
A35: 46007.469 | B35: =Линия3[[#This Row],[Дата начала]]+Линия3[[#This Row],[Длительность]] -> 46007.741 | C35: =IF(E35="Вытеснение",TIME(0,30,0), IF(E35="Передача смены",TIME(0,20,0), IF(E35="Запуск",TIME(0,30,0), IF(E35="Смена ассортимента",TIME(0,15,0), IF(E35="Переналадка формата",TIME(5,0,0), IF(E35="CIP 1",TIME(0,40,0), IF(E35="CIP 2",TIME(2,30,0), IF(E35="CIP 3",TIME(3,20,0), IF(AND(ISNUMBER(F35),ISNUMBER(D35),D35>0),F35/D35/24,"Ошибка"))))))))) -> 0.27173913 | D35: 4600 | E35: Сок Яблоко 1,0 л ТМ «Баринофф» | F35: 30000 | G35: 504 | H35: =IFERROR(Линия3[[#This Row],[Количество]]/Линия3[[#This Row],[Шт. в поддоне]], "") -> 59.52381
A36: =B35 -> 46007.741 | B36: =Линия3[[#This Row],[Дата начала]]+Линия3[[#This Row],[Длительность]] -> 46007.769 | C36: =IF(E36="Вытеснение",TIME(0,30,0), IF(E36="Передача смены",TIME(0,20,0), IF(E36="Запуск",TIME(0,30,0), IF(E36="Смена ассортимента",TIME(0,15,0), IF(E36="Переналадка формата",TIME(5,0,0), IF(E36="CIP 1",TIME(0,40,0), IF(E36="CIP 2",TIME(2,30,0), IF(E36="CIP 3",TIME(3,20,0), IF(AND(ISNUMBER(F36),ISNUMBER(D36),D36>0),F36/D36/24,"Ошибка"))))))))) -> 0.027777778 | E36: CIP 1 | H36: =IFERROR(Линия3[[#This Row],[Количество]]/Линия3[[#This Row],[Шт. в поддоне]], "")
A37: 46008 | B37: =Линия3[[#This Row],[Дата начала]]+Линия3[[#This Row],[Длительность]] -> 46008.272 | C37: =IF(E37="Вытеснение",TIME(0,30,0), IF(E37="Передача смены",TIME(0,20,0), IF(E37="Запуск",TIME(0,30,0), IF(E37="Смена ассортимента",TIME(0,15,0), IF(E37="Переналадка формата",TIME(5,0,0), IF(E37="CIP 1",TIME(0,40,0), IF(E37="CIP 2",TIME(2,30,0), IF(E37="CIP 3",TIME(3,20,0), IF(AND(ISNUMBER(F37),ISNUMBER(D37),D37>0),F37/D37/24,"Ошибка"))))))))) -> 0.27173913 | D37: 4600 | E37: Нектар Вишня 1,0 л ТМ «Баринофф» | F37: 30000 | G37: 504 | H37: =IFERROR(Линия3[[#This Row],[Количество]]/Линия3[[#This Row],[Шт. в поддоне]], "") -> 59.52381
A38: =B37 -> 46008.272 | B38: =Линия3[[#This Row],[Дата начала]]+Линия3[[#This Row],[Длительность]] -> 46008.376 | C38: =IF(E38="Вытеснение",TIME(0,30,0), IF(E38="Передача смены",TIME(0,20,0), IF(E38="Запуск",TIME(0,30,0), IF(E38="Смена ассортимента",TIME(0,15,0), IF(E38="Переналадка формата",TIME(5,0,0), IF(E38="CIP 1",TIME(0,40,0), IF(E38="CIP 2",TIME(2,30,0), IF(E38="CIP 3",TIME(3,20,0), IF(AND(ISNUMBER(F38),ISNUMBER(D38),D38>0),F38/D38/24,"Ошибка"))))))))) -> 0.10416667 | E38: CIP 2 | H38: =IFERROR(Линия3[[#This Row],[Количество]]/Линия3[[#This Row],[Шт. в поддоне]], "")
A39: 46008.875 | B39: =Линия3[[#This Row],[Дата начала]]+Линия3[[#This Row],[Длительность]] -> 46009.325 | C39: =IF(E39="Вытеснение",TIME(0,30,0), IF(E39="Передача смены",TIME(0,20,0), IF(E39="Запуск",TIME(0,30,0), IF(E39="Смена ассортимента",TIME(0,15,0), IF(E39="Переналадка формата",TIME(5,0,0), IF(E39="CIP 1",TIME(0,40,0), IF(E39="CIP 2",TIME(2,30,0), IF(E39="CIP 3",TIME(3,20,0), IF(AND(ISNUMBER(F39),ISNUMBER(D39),D39>0),F39/D39/24,"Ошибка"))))))))) -> 0.45045045 | D39: 3700 | E39: Нектар Морковь 1,0 л ТМ «Баринофф» | F39: 40000 | G39: 504 | H39: =IFERROR(Линия3[[#This Row],[Количество]]/Линия3[[#This Row],[Шт. в поддоне]], "") -> 79.365079
A40: =B39 -> 46009.325 | B40: =Линия3[[#This Row],[Дата начала]]+Линия3[[#This Row],[Длительность]] -> 46009.45 | C40: 0.125 | E40: CIP 2 + переналадка на Бриолу | H40: =IFERROR(Линия3[[#This Row],[Количество]]/Линия3[[#This Row],[Шт. в поддоне]], "")
A41: =B40 -> 46009.45 | B41: =Линия3[[#This Row],[Дата начала]]+Линия3[[#This Row],[Длительность]] -> 46009.788 | C41: =IF(E41="Вытеснение",TIME(0,30,0), IF(E41="Передача смены",TIME(0,20,0), IF(E41="Запуск",TIME(0,30,0), IF(E41="Смена ассортимента",TIME(0,15,0), IF(E41="Переналадка формата",TIME(5,0,0), IF(E41="CIP 1",TIME(0,40,0), IF(E41="CIP 2",TIME(2,30,0), IF(E41="CIP 3",TIME(3,20,0), IF(AND(ISNUMBER(F41),ISNUMBER(D41),D41>0),F41/D41/24,"Ошибка"))))))))) -> 0.33783784 | D41: 3700 | E41: Нектар Тыква 1,0 л ТМ «Мистер Овощ» | F41: 30000 | G41: 480 | H41: =IFERROR(Линия3[[#This Row],[Количество]]/Линия3[[#This Row],[Шт. в поддоне]], "") -> 62.5
A42: =B41 -> 46009.788 | B42: =Линия3[[#This Row],[Дата начала]]+Линия3[[#This Row],[Длительность]] -> 46009.799 | C42: =IF(E42="Вытеснение",TIME(0,30,0), IF(E42="Передача смены",TIME(0,20,0), IF(E42="Запуск",TIME(0,30,0), IF(E42="Смена ассортимента",TIME(0,15,0), IF(E42="Переналадка формата",TIME(5,0,0), IF(E42="CIP 1",TIME(0,40,0), IF(E42="CIP 2",TIME(2,30,0), IF(E42="CIP 3",TIME(3,20,0), IF(AND(ISNUMBER(F42),ISNUMBER(D42),D42>0),F42/D42/24,"Ошибка"))))))))) -> 0.010416667 | E42: Смена ассортимента | H42: =IFERROR(Линия3[[#This Row],[Количество]]/Линия3[[#This Row],[Шт. в поддоне]], "")
A43: =B42 -> 46009.799 | B43: =Линия3[[#This Row],[Дата начала]]+Линия3[[#This Row],[Длительность]] -> 46010.137 | C43: =IF(E43="Вытеснение",TIME(0,30,0), IF(E43="Передача смены",TIME(0,20,0), IF(E43="Запуск",TIME(0,30,0), IF(E43="Смена ассортимента",TIME(0,15,0), IF(E43="Переналадка формата",TIME(5,0,0), IF(E43="CIP 1",TIME(0,40,0), IF(E43="CIP 2",TIME(2,30,0), IF(E43="CIP 3",TIME(3,20,0), IF(AND(ISNUMBER(F43),ISNUMBER(D43),D43>0),F43/D43/24,"Ошибка"))))))))) -> 0.33783784 | D43: 3700 | E43: Нектар Тыква 1,0 л ТМ «Магнит» | F43: 30000 | G43: 480 | H43: =IFERROR(Линия3[[#This Row],[Количество]]/Линия3[[#This Row],[Шт. в поддоне]], "") -> 62.5
A44: =B43 -> 46010.137 | B44: =Линия3[[#This Row],[Дата начала]]+Линия3[[#This Row],[Длительность]] -> 46010.345 | C44: 0.20833333 | E44: CIP 3 + Переналадка на 0,75 | H44: =IFERROR(Линия3[[#This Row],[Количество]]/Линия3[[#This Row],[Шт. в поддоне]], "")
A45: 46010.75 | B45: =Линия3[[#This Row],[Дата начала]]+Линия3[[#This Row],[Длительность]] -> 46011.313 | C45: =IF(E45="Вытеснение",TIME(0,30,0), IF(E45="Передача смены",TIME(0,20,0), IF(E45="Запуск",TIME(0,30,0), IF(E45="Смена ассортимента",TIME(0,15,0), IF(E45="Переналадка формата",TIME(5,0,0), IF(E45="CIP 1",TIME(0,40,0), IF(E45="CIP 2",TIME(2,30,0), IF(E45="CIP 3",TIME(3,20,0), IF(AND(ISNUMBER(F45),ISNUMBER(D45),D45>0),F45/D45/24,"Ошибка"))))))))) -> 0.56306306 | D45: 3700 | E45: Нектар Морковь 0,75 л ТМ «Мамина Дача» | F45: 50000 | G45: 756 | H45: =IFERROR(Линия3[[#This Row],[Количество]]/Линия3[[#This Row],[Шт. в поддоне]], "") -> 66.137566
A46: =B45 -> 46011.313 | B46: =Линия3[[#This Row],[Дата начала]]+Линия3[[#This Row],[Длительность]] -> 46011.417 | C46: =IF(E46="Вытеснение",TIME(0,30,0), IF(E46="Передача смены",TIME(0,20,0), IF(E46="Запуск",TIME(0,30,0), IF(E46="Смена ассортимента",TIME(0,15,0), IF(E46="Переналадка формата",TIME(5,0,0), IF(E46="CIP 1",TIME(0,40,0), IF(E46="CIP 2",TIME(2,30,0), IF(E46="CIP 3",TIME(3,20,0), IF(AND(ISNUMBER(F46),ISNUMBER(D46),D46>0),F46/D46/24,"Ошибка"))))))))) -> 0.10416667 | E46: CIP 2 | H46: =IFERROR(Линия3[[#This Row],[Количество]]/Линия3[[#This Row],[Шт. в поддоне]], "")
A47: =B46 -> 46011.417 | B47: =Линия3[[#This Row],[Дата начала]]+Линия3[[#This Row],[Длительность]] -> 46012.318 | C47: =IF(E47="Вытеснение",TIME(0,30,0), IF(E47="Передача смены",TIME(0,20,0), IF(E47="Запуск",TIME(0,30,0), IF(E47="Смена ассортимента",TIME(0,15,0), IF(E47="Переналадка формата",TIME(5,0,0), IF(E47="CIP 1",TIME(0,40,0), IF(E47="CIP 2",TIME(2,30,0), IF(E47="CIP 3",TIME(3,20,0), IF(AND(ISNUMBER(F47),ISNUMBER(D47),D47>0),F47/D47/24,"Ошибка"))))))))) -> 0.9009009 | D47: 3700 | E47: Нектар Морковь 0,75 л ТМ «Soko GRANDE» | F47: 80000 | G47: 756 | H47: =IFERROR(Линия3[[#This Row],[Количество]]/Линия3[[#This Row],[Шт. в поддоне]], "") -> 105.82011
A48: =B47 -> 46012.318 | B48: =Линия3[[#This Row],[Дата начала]]+Линия3[[#This Row],[Длительность]] -> 46012.422 | C48: =IF(E48="Вытеснение",TIME(0,30,0), IF(E48="Передача смены",TIME(0,20,0), IF(E48="Запуск",TIME(0,30,0), IF(E48="Смена ассортимента",TIME(0,15,0), IF(E48="Переналадка формата",TIME(5,0,0), IF(E48="CIP 1",TIME(0,40,0), IF(E48="CIP 2",TIME(2,30,0), IF(E48="CIP 3",TIME(3,20,0), IF(AND(ISNUMBER(F48),ISNUMBER(D48),D48>0),F48/D48/24,"Ошибка"))))))))) -> 0.10416667 | E48: CIP 2 | H48: =IFERROR(Линия3[[#This Row],[Количество]]/Линия3[[#This Row],[Шт. в поддоне]], "")
A49: =B48 -> 46012.422 | B49: =Линия3[[#This Row],[Дата начала]]+Линия3[[#This Row],[Длительность]] -> 46013.166 | C49: =IF(E49="Вытеснение",TIME(0,30,0), IF(E49="Передача смены",TIME(0,20,0), IF(E49="Запуск",TIME(0,30,0), IF(E49="Смена ассортимента",TIME(0,15,0), IF(E49="Переналадка формата",TIME(5,0,0), IF(E49="CIP 1",TIME(0,40,0), IF(E49="CIP 2",TIME(2,30,0), IF(E49="CIP 3",TIME(3,20,0), IF(AND(ISNUMBER(F49),ISNUMBER(D49),D49>0),F49/D49/24,"Ошибка"))))))))) -> 0.74324324 | D49: 3700 | E49: Нектар Тыква 0,75 л ТМ «Soko GRANDE» | F49: 66000 | G49: 756 | H49: =IFERROR(Линия3[[#This Row],[Количество]]/Линия3[[#This Row],[Шт. в поддоне]], "") -> 87.301587
A50: =B49 -> 46013.166 | B50: =Линия3[[#This Row],[Дата начала]]+Линия3[[#This Row],[Длительность]] -> 46013.27 | C50: =IF(E50="Вытеснение",TIME(0,30,0), IF(E50="Передача смены",TIME(0,20,0), IF(E50="Запуск",TIME(0,30,0), IF(E50="Смена ассортимента",TIME(0,15,0), IF(E50="Переналадка формата",TIME(5,0,0), IF(E50="CIP 1",TIME(0,40,0), IF(E50="CIP 2",TIME(2,30,0), IF(E50="CIP 3",TIME(3,20,0), IF(AND(ISNUMBER(F50),ISNUMBER(D50),D50>0),F50/D50/24,"Ошибка"))))))))) -> 0.10416667 | E50: CIP 2 | H50: =IFERROR(Линия3[[#This Row],[Количество]]/Линия3[[#This Row],[Шт. в поддоне]], "")
A51: =B50 -> 46013.27 | B51: =Линия3[[#This Row],[Дата начала]]+Линия3[[#This Row],[Длительность]] -> 46014.013 | C51: =IF(E51="Вытеснение",TIME(0,30,0), IF(E51="Передача смены",TIME(0,20,0), IF(E51="Запуск",TIME(0,30,0), IF(E51="Смена ассортимента",TIME(0,15,0), IF(E51="Переналадка формата",TIME(5,0,0), IF(E51="CIP 1",TIME(0,40,0), IF(E51="CIP 2",TIME(2,30,0), IF(E51="CIP 3",TIME(3,20,0), IF(AND(ISNUMBER(F51),ISNUMBER(D51),D51>0),F51/D51/24,"Ошибка"))))))))) -> 0.74324324 | D51: 3700 | E51: Нектар Тыква 0,75 л ТМ «Мамина Дача» | F51: 66000 | G51: 756 | H51: =IFERROR(Линия3[[#This Row],[Количество]]/Линия3[[#This Row],[Шт. в поддоне]], "") -> 87.301587
A52: =B51 -> 46014.013 | B52: =Линия3[[#This Row],[Дата начала]]+Линия3[[#This Row],[Длительность]] -> 46014.221 | C52: 0.20833333 | E52: CIP 3 + Переналадка на Прайм | H52: =IFERROR(Линия3[[#This Row],[Количество]]/Линия3[[#This Row],[Шт. в поддоне]], "")
A53: 46014.542 | B53: =Линия3[[#This Row],[Дата начала]]+Линия3[[#This Row],[Длительность]] -> 46014.995 | C53: =IF(E53="Вытеснение",TIME(0,30,0), IF(E53="Передача смены",TIME(0,20,0), IF(E53="Запуск",TIME(0,30,0), IF(E53="Смена ассортимента",TIME(0,15,0), IF(E53="Переналадка формата",TIME(5,0,0), IF(E53="CIP 1",TIME(0,40,0), IF(E53="CIP 2",TIME(2,30,0), IF(E53="CIP 3",TIME(3,20,0), IF(AND(ISNUMBER(F53),ISNUMBER(D53),D53>0),F53/D53/24,"Ошибка"))))))))) -> 0.45289855 | D53: 4600 | E53: Нектар Тыква 1,0 л ТМ «Баринофф» | F53: 50000 | G53: 480 | H53: =IFERROR(Линия3[[#This Row],[Количество]]/Линия3[[#This Row],[Шт. в поддоне]], "") -> 104.16667
A54: 46015.438 | B54: =Линия3[[#This Row],[Дата начала]]+Линия3[[#This Row],[Длительность]] -> 46015.542 | C54: =IF(E54="Вытеснение",TIME(0,30,0), IF(E54="Передача смены",TIME(0,20,0), IF(E54="Запуск",TIME(0,30,0), IF(E54="Смена ассортимента",TIME(0,15,0), IF(E54="Переналадка формата",TIME(5,0,0), IF(E54="CIP 1",TIME(0,40,0), IF(E54="CIP 2",TIME(2,30,0), IF(E54="CIP 3",TIME(3,20,0), IF(AND(ISNUMBER(F54),ISNUMBER(D54),D54>0),F54/D54/24,"Ошибка"))))))))) -> 0.10416667 | E54: CIP 2 | H54: =IFERROR(Линия3[[#This Row],[Количество]]/Линия3[[#This Row],[Шт. в поддоне]], "")
A55: 46016.208 | B55: =Линия3[[#This Row],[Дата начала]]+Линия3[[#This Row],[Длительность]] -> 46016.661 | C55: =IF(E55="Вытеснение",TIME(0,30,0), IF(E55="Передача смены",TIME(0,20,0), IF(E55="Запуск",TIME(0,30,0), IF(E55="Смена ассортимента",TIME(0,15,0), IF(E55="Переналадка формата",TIME(5,0,0), IF(E55="CIP 1",TIME(0,40,0), IF(E55="CIP 2",TIME(2,30,0), IF(E55="CIP 3",TIME(3,20,0), IF(AND(ISNUMBER(F55),ISNUMBER(D55),D55>0),F55/D55/24,"Ошибка"))))))))) -> 0.45289855 | D55: 4600 | E55: Нектар Манго 1,0 л ТМ «Баринофф» | F55: 50000 | G55: 504 | H55: =IFERROR(Линия3[[#This Row],[Количество]]/Линия3[[#This Row],[Шт. в поддоне]], "") -> 99.206349
A56: =B55 -> 46016.661 | B56: =Линия3[[#This Row],[Дата начала]]+Линия3[[#This Row],[Длительность]] -> 46016.765 | C56: =IF(E56="Вытеснение",TIME(0,30,0), IF(E56="Передача смены",TIME(0,20,0), IF(E56="Запуск",TIME(0,30,0), IF(E56="Смена ассортимента",TIME(0,15,0), IF(E56="Переналадка формата",TIME(5,0,0), IF(E56="CIP 1",TIME(0,40,0), IF(E56="CIP 2",TIME(2,30,0), IF(E56="CIP 3",TIME(3,20,0), IF(AND(ISNUMBER(F56),ISNUMBER(D56),D56>0),F56/D56/24,"Ошибка"))))))))) -> 0.10416667 | E56: CIP 2 | H56: =IFERROR(Линия3[[#This Row],[Количество]]/Линия3[[#This Row],[Шт. в поддоне]], "")
A57: =B56 -> 46016.765 | B57: =Линия3[[#This Row],[Дата начала]]+Линия3[[#This Row],[Длительность]] -> 46017.218 | C57: =IF(E57="Вытеснение",TIME(0,30,0), IF(E57="Передача смены",TIME(0,20,0), IF(E57="Запуск",TIME(0,30,0), IF(E57="Смена ассортимента",TIME(0,15,0), IF(E57="Переналадка формата",TIME(5,0,0), IF(E57="CIP 1",TIME(0,40,0), IF(E57="CIP 2",TIME(2,30,0), IF(E57="CIP 3",TIME(3,20,0), IF(AND(ISNUMBER(F57),ISNUMBER(D57),D57>0),F57/D57/24,"Ошибка"))))))))) -> 0.45289855 | D57: 4600 | E57: Сок Гранат 1,0 л ТМ «Баринофф» | F57: 50000 | G57: 504 | H57: =IFERROR(Линия3[[#This Row],[Количество]]/Линия3[[#This Row],[Шт. в поддоне]], "") -> 99.206349
A58: =B57 -> 46017.218 | B58: =Линия3[[#This Row],[Дата начала]]+Линия3[[#This Row],[Длительность]] -> 46017.427 | C58: 0.20833333 | E58: CIP 3 + переналадка на Бриолу | H58: =IFERROR(Линия3[[#This Row],[Количество]]/Линия3[[#This Row],[Шт. в поддоне]], "")
A59: =B58 -> 46017.427 | B59: =Линия3[[#This Row],[Дата начала]]+Линия3[[#This Row],[Длительность]] -> 46017.517 | C59: =IF(E59="Вытеснение",TIME(0,30,0), IF(E59="Передача смены",TIME(0,20,0), IF(E59="Запуск",TIME(0,30,0), IF(E59="Смена ассортимента",TIME(0,15,0), IF(E59="Переналадка формата",TIME(5,0,0), IF(E59="CIP 1",TIME(0,40,0), IF(E59="CIP 2",TIME(2,30,0), IF(E59="CIP 3",TIME(3,20,0), IF(AND(ISNUMBER(F59),ISNUMBER(D59),D59>0),F59/D59/24,"Ошибка"))))))))) -> 0.09057971 | D59: 4600 | E59: Напиток Гранат 1,0 л ТМ «Каждый День» | F59: 10000 | G59: 480 | H59: =IFERROR(Линия3[[#This Row],[Количество]]/Линия3[[#This Row],[Шт. в поддоне]], "") -> 20.833333
A60: =B59 -> 46017.517 | B60: =Линия3[[#This Row],[Дата начала]]+Линия3[[#This Row],[Длительность]] -> 46017.528 | C60: =IF(E60="Вытеснение",TIME(0,30,0), IF(E60="Передача смены",TIME(0,20,0), IF(E60="Запуск",TIME(0,30,0), IF(E60="Смена ассортимента",TIME(0,15,0), IF(E60="Переналадка формата",TIME(5,0,0), IF(E60="CIP 1",TIME(0,40,0), IF(E60="CIP 2",TIME(2,30,0), IF(E60="CIP 3",TIME(3,20,0), IF(AND(ISNUMBER(F60),ISNUMBER(D60),D60>0),F60/D60/24,"Ошибка"))))))))) -> 0.010416667 | E60: Смена ассортимента | H60: =IFERROR(Линия3[[#This Row],[Количество]]/Линия3[[#This Row],[Шт. в поддоне]], "")
A61: =B60 -> 46017.528 | B61: =Линия3[[#This Row],[Дата начала]]+Линия3[[#This Row],[Длительность]] -> 46017.799 | C61: =IF(E61="Вытеснение",TIME(0,30,0), IF(E61="Передача смены",TIME(0,20,0), IF(E61="Запуск",TIME(0,30,0), IF(E61="Смена ассортимента",TIME(0,15,0), IF(E61="Переналадка формата",TIME(5,0,0), IF(E61="CIP 1",TIME(0,40,0), IF(E61="CIP 2",TIME(2,30,0), IF(E61="CIP 3",TIME(3,20,0), IF(AND(ISNUMBER(F61),ISNUMBER(D61),D61>0),F61/D61/24,"Ошибка"))))))))) -> 0.27173913 | D61: 4600 | E61: Напиток Гранат 1,0 л ТМ «365 Дней» | F61: 30000 | G61: 480 | H61: =IFERROR(Линия3[[#This Row],[Количество]]/Линия3[[#This Row],[Шт. в поддоне]], "") -> 62.5
A62: =B61 -> 46017.799 | B62: =Линия3[[#This Row],[Дата начала]]+Линия3[[#This Row],[Длительность]] -> 46017.81 | C62: =IF(E62="Вытеснение",TIME(0,30,0), IF(E62="Передача смены",TIME(0,20,0), IF(E62="Запуск",TIME(0,30,0), IF(E62="Смена ассортимента",TIME(0,15,0), IF(E62="Переналадка формата",TIME(5,0,0), IF(E62="CIP 1",TIME(0,40,0), IF(E62="CIP 2",TIME(2,30,0), IF(E62="CIP 3",TIME(3,20,0), IF(AND(ISNUMBER(F62),ISNUMBER(D62),D62>0),F62/D62/24,"Ошибка"))))))))) -> 0.010416667 | E62: Смена ассортимента | H62: =IFERROR(Линия3[[#This Row],[Количество]]/Линия3[[#This Row],[Шт. в поддоне]], "")
A63: =B62 -> 46017.81 | B63: =Линия3[[#This Row],[Дата начала]]+Линия3[[#This Row],[Длительность]] -> 46018.172 | C63: =IF(E63="Вытеснение",TIME(0,30,0), IF(E63="Передача смены",TIME(0,20,0), IF(E63="Запуск",TIME(0,30,0), IF(E63="Смена ассортимента",TIME(0,15,0), IF(E63="Переналадка формата",TIME(5,0,0), IF(E63="CIP 1",TIME(0,40,0), IF(E63="CIP 2",TIME(2,30,0), IF(E63="CIP 3",TIME(3,20,0), IF(AND(ISNUMBER(F63),ISNUMBER(D63),D63>0),F63/D63/24,"Ошибка"))))))))) -> 0.36231884 | D63: 4600 | E63: Нектар Гранат 1,0 л ТМ «Гранатовый Рай» | F63: 40000 | G63: 480 | H63: =IFERROR(Линия3[[#This Row],[Количество]]/Линия3[[#This Row],[Шт. в поддоне]], "") -> 83.333333
A64: =B63 -> 46018.172 | B64: =Линия3[[#This Row],[Дата начала]]+Линия3[[#This Row],[Длительность]] -> 46018.311 | C64: =IF(E64="Вытеснение",TIME(0,30,0), IF(E64="Передача смены",TIME(0,20,0), IF(E64="Запуск",TIME(0,30,0), IF(E64="Смена ассортимента",TIME(0,15,0), IF(E64="Переналадка формата",TIME(5,0,0), IF(E64="CIP 1",TIME(0,40,0), IF(E64="CIP 2",TIME(2,30,0), IF(E64="CIP 3",TIME(3,20,0), IF(AND(ISNUMBER(F64),ISNUMBER(D64),D64>0),F64/D64/24,"Ошибка"))))))))) -> 0.13888889 | E64: CIP 3 | H64: =IFERROR(Линия3[[#This Row],[Количество]]/Линия3[[#This Row],[Шт. в поддоне]], "")
A65: =B64 -> 46018.311 | B65: =Линия3[[#This Row],[Дата начала]]+Линия3[[#This Row],[Длительность]] -> 46018.492 | C65: =IF(E65="Вытеснение",TIME(0,30,0), IF(E65="Передача смены",TIME(0,20,0), IF(E65="Запуск",TIME(0,30,0), IF(E65="Смена ассортимента",TIME(0,15,0), IF(E65="Переналадка формата",TIME(5,0,0), IF(E65="CIP 1",TIME(0,40,0), IF(E65="CIP 2",TIME(2,30,0), IF(E65="CIP 3",TIME(3,20,0), IF(AND(ISNUMBER(F65),ISNUMBER(D65),D65>0),F65/D65/24,"Ошибка"))))))))) -> 0.18115942 | D65: 4600 | E65: Нектар Морковь 1,0 л ТМ «Для Всей Семьи» | F65: 20000 | G65: 480 | H65: =IFERROR(Линия3[[#This Row],[Количество]]/Линия3[[#This Row],[Шт. в поддоне]], "") -> 41.666667
A66: =B65 -> 46018.492 | B66: =Линия3[[#This Row],[Дата начала]]+Линия3[[#This Row],[Длительность]] -> 46018.503 | C66: =IF(E66="Вытеснение",TIME(0,30,0), IF(E66="Передача смены",TIME(0,20,0), IF(E66="Запуск",TIME(0,30,0), IF(E66="Смена ассортимента",TIME(0,15,0), IF(E66="Переналадка формата",TIME(5,0,0), IF(E66="CIP 1",TIME(0,40,0), IF(E66="CIP 2",TIME(2,30,0), IF(E66="CIP 3",TIME(3,20,0), IF(AND(ISNUMBER(F66),ISNUMBER(D66),D66>0),F66/D66/24,"Ошибка"))))))))) -> 0.010416667 | E66: Смена ассортимента | H66: =IFERROR(Линия3[[#This Row],[Количество]]/Линия3[[#This Row],[Шт. в поддоне]], "")
A67: =B66 -> 46018.503 | B67: =Линия3[[#This Row],[Дата начала]]+Линия3[[#This Row],[Длительность]] -> 46018.774 | C67: =IF(E67="Вытеснение",TIME(0,30,0), IF(E67="Передача смены",TIME(0,20,0), IF(E67="Запуск",TIME(0,30,0), IF(E67="Смена ассортимента",TIME(0,15,0), IF(E67="Переналадка формата",TIME(5,0,0), IF(E67="CIP 1",TIME(0,40,0), IF(E67="CIP 2",TIME(2,30,0), IF(E67="CIP 3",TIME(3,20,0), IF(AND(ISNUMBER(F67),ISNUMBER(D67),D67>0),F67/D67/24,"Ошибка"))))))))) -> 0.27173913 | D67: 4600 | E67: Нектар Морковь 1,0 л ТМ «Магнит» | F67: 30000 | G67: 480 | H67: =IFERROR(Линия3[[#This Row],[Количество]]/Линия3[[#This Row],[Шт. в поддоне]], "") -> 62.5
A68: =B67 -> 46018.774 | B68: =Линия3[[#This Row],[Дата начала]]+Линия3[[#This Row],[Длительность]] -> 46018.878 | C68: =IF(E68="Вытеснение",TIME(0,30,0), IF(E68="Передача смены",TIME(0,20,0), IF(E68="Запуск",TIME(0,30,0), IF(E68="Смена ассортимента",TIME(0,15,0), IF(E68="Переналадка формата",TIME(5,0,0), IF(E68="CIP 1",TIME(0,40,0), IF(E68="CIP 2",TIME(2,30,0), IF(E68="CIP 3",TIME(3,20,0), IF(AND(ISNUMBER(F68),ISNUMBER(D68),D68>0),F68/D68/24,"Ошибка"))))))))) -> 0.10416667 | E68: CIP 2 | H68: =IFERROR(Линия3[[#This Row],[Количество]]/Линия3[[#This Row],[Шт. в поддоне]], "")
A69: 46020 | B69: =Линия3[[#This Row],[Дата начала]]+Линия3[[#This Row],[Длительность]] -> 46020.453 | C69: =IF(E69="Вытеснение",TIME(0,30,0), IF(E69="Передача смены",TIME(0,20,0), IF(E69="Запуск",TIME(0,30,0), IF(E69="Смена ассортимента",TIME(0,15,0), IF(E69="Переналадка формата",TIME(5,0,0), IF(E69="CIP 1",TIME(0,40,0), IF(E69="CIP 2",TIME(2,30,0), IF(E69="CIP 3",TIME(3,20,0), IF(AND(ISNUMBER(F69),ISNUMBER(D69),D69>0),F69/D69/24,"Ошибка"))))))))) -> 0.45289855 | D69: 4600 | E69: Нектар Тыква 1,0 л ТМ «Магнит» | F69: 50000 | G69: 480 | H69: =IFERROR(Линия3[[#This Row],[Количество]]/Линия3[[#This Row],[Шт. в поддоне]], "") -> 104.16667
A70: =B69 -> 46020.453 | B70: =Линия3[[#This Row],[Дата начала]]+Линия3[[#This Row],[Длительность]] -> 46020.557 | C70: =IF(E70="Вытеснение",TIME(0,30,0), IF(E70="Передача смены",TIME(0,20,0), IF(E70="Запуск",TIME(0,30,0), IF(E70="Смена ассортимента",TIME(0,15,0), IF(E70="Переналадка формата",TIME(5,0,0), IF(E70="CIP 1",TIME(0,40,0), IF(E70="CIP 2",TIME(2,30,0), IF(E70="CIP 3",TIME(3,20,0), IF(AND(ISNUMBER(F70),ISNUMBER(D70),D70>0),F70/D70/24,"Ошибка"))))))))) -> 0.10416667 | E70: CIP 2 | H70: =IFERROR(Линия3[[#This Row],[Количество]]/Линия3[[#This Row],[Шт. в поддоне]], "")
A71: =B70 -> 46020.557 | B71: =Линия3[[#This Row],[Дата начала]]+Линия3[[#This Row],[Длительность]] -> 46020.919 | C71: =IF(E71="Вытеснение",TIME(0,30,0), IF(E71="Передача смены",TIME(0,20,0), IF(E71="Запуск",TIME(0,30,0), IF(E71="Смена ассортимента",TIME(0,15,0), IF(E71="Переналадка формата",TIME(5,0,0), IF(E71="CIP 1",TIME(0,40,0), IF(E71="CIP 2",TIME(2,30,0), IF(E71="CIP 3",TIME(3,20,0), IF(AND(ISNUMBER(F71),ISNUMBER(D71),D71>0),F71/D71/24,"Ошибка"))))))))) -> 0.36231884 | D71: 4600 | E71: Нектар Тыква 1,0 л ТМ «Магнит» | F71: 40000 | G71: 480 | H71: =IFERROR(Линия3[[#This Row],[Количество]]/Линия3[[#This Row],[Шт. в поддоне]], "") -> 83.333333
A72: =B71 -> 46020.919 | B72: =Линия3[[#This Row],[Дата начала]]+Линия3[[#This Row],[Длительность]] -> 46020.93 | C72: =IF(E72="Вытеснение",TIME(0,30,0), IF(E72="Передача смены",TIME(0,20,0), IF(E72="Запуск",TIME(0,30,0), IF(E72="Смена ассортимента",TIME(0,15,0), IF(E72="Переналадка формата",TIME(5,0,0), IF(E72="CIP 1",TIME(0,40,0), IF(E72="CIP 2",TIME(2,30,0), IF(E72="CIP 3",TIME(3,20,0), IF(AND(ISNUMBER(F72),ISNUMBER(D72),D72>0),F72/D72/24,"Ошибка"))))))))) -> 0.010416667 | E72: Смена ассортимента | H72: =IFERROR(Линия3[[#This Row],[Количество]]/Линия3[[#This Row],[Шт. в поддоне]], "")
A73: =B72 -> 46020.93 | B73: =Линия3[[#This Row],[Дата начала]]+Линия3[[#This Row],[Длительность]] -> 46021.111 | C73: =IF(E73="Вытеснение",TIME(0,30,0), IF(E73="Передача смены",TIME(0,20,0), IF(E73="Запуск",TIME(0,30,0), IF(E73="Смена ассортимента",TIME(0,15,0), IF(E73="Переналадка формата",TIME(5,0,0), IF(E73="CIP 1",TIME(0,40,0), IF(E73="CIP 2",TIME(2,30,0), IF(E73="CIP 3",TIME(3,20,0), IF(AND(ISNUMBER(F73),ISNUMBER(D73),D73>0),F73/D73/24,"Ошибка"))))))))) -> 0.18115942 | D73: 4600 | E73: Нектар Тыква 1,0 л ТМ «Для Всей Семьи» | F73: 20000 | G73: 480 | H73: =IFERROR(Линия3[[#This Row],[Количество]]/Линия3[[#This Row],[Шт. в поддоне]], "") -> 41.666667
A74: =B73 -> 46021.111 | B74: =Линия3[[#This Row],[Дата начала]]+Линия3[[#This Row],[Длительность]] -> 46021.319 | C74: 0.20833333 | E74: CIP 3 + Переналадка на 0,75 | H74: =IFERROR(Линия3[[#This Row],[Количество]]/Линия3[[#This Row],[Шт. в поддоне]], "")
E75: 2026 год
A76: 46034.458 | B76: =Линия3[[#This Row],[Дата начала]]+Линия3[[#This Row],[Длительность]] -> 46034.562 | C76: =IF(E76="Вытеснение",TIME(0,30,0), IF(E76="Передача смены",TIME(0,20,0), IF(E76="Запуск",TIME(0,30,0), IF(E76="Смена ассортимента",TIME(0,15,0), IF(E76="Переналадка формата",TIME(5,0,0), IF(E76="CIP 1",TIME(0,40,0), IF(E76="CIP 2",TIME(2,30,0), IF(E76="CIP 3",TIME(3,20,0), IF(AND(ISNUMBER(F76),ISNUMBER(D76),D76>0),F76/D76/24,"Ошибка"))))))))) -> 0.10416667 | E76: CIP 2 | H76: =IFERROR(Линия3[[#This Row],[Количество]]/Линия3[[#This Row],[Шт. в поддоне]], "")
A77: =B76 -> 46034.562 | B77: =Линия3[[#This Row],[Дата начала]]+Линия3[[#This Row],[Длительность]] -> 46035.16 | C77: =IF(E77="Вытеснение",TIME(0,30,0), IF(E77="Передача смены",TIME(0,20,0), IF(E77="Запуск",TIME(0,30,0), IF(E77="Смена ассортимента",TIME(0,15,0), IF(E77="Переналадка формата",TIME(5,0,0), IF(E77="CIP 1",TIME(0,40,0), IF(E77="CIP 2",TIME(2,30,0), IF(E77="CIP 3",TIME(3,20,0), IF(AND(ISNUMBER(F77),ISNUMBER(D77),D77>0),F77/D77/24,"Ошибка"))))))))) -> 0.59782609 | D77: 4600 | E77: Нектар Тыква 0,75 л ТМ «Soko GRANDE» | F77: 66000 | G77: 756 | H77: =IFERROR(Линия3[[#This Row],[Количество]]/Линия3[[#This Row],[Шт. в поддоне]], "") -> 87.301587
A78: =B77 -> 46035.16 | B78: =Линия3[[#This Row],[Дата начала]]+Линия3[[#This Row],[Длительность]] -> 46035.264 | C78: =IF(E78="Вытеснение",TIME(0,30,0), IF(E78="Передача смены",TIME(0,20,0), IF(E78="Запуск",TIME(0,30,0), IF(E78="Смена ассортимента",TIME(0,15,0), IF(E78="Переналадка формата",TIME(5,0,0), IF(E78="CIP 1",TIME(0,40,0), IF(E78="CIP 2",TIME(2,30,0), IF(E78="CIP 3",TIME(3,20,0), IF(AND(ISNUMBER(F78),ISNUMBER(D78),D78>0),F78/D78/24,"Ошибка"))))))))) -> 0.10416667 | E78: CIP 2 | H78: =IFERROR(Линия3[[#This Row],[Количество]]/Линия3[[#This Row],[Шт. в поддоне]], "")
A79: 46035.438 | B79: =Линия3[[#This Row],[Дата начала]]+Линия3[[#This Row],[Длительность]] -> 46035.918 | C79: =IF(E79="Вытеснение",TIME(0,30,0), IF(E79="Передача смены",TIME(0,20,0), IF(E79="Запуск",TIME(0,30,0), IF(E79="Смена ассортимента",TIME(0,15,0), IF(E79="Переналадка формата",TIME(5,0,0), IF(E79="CIP 1",TIME(0,40,0), IF(E79="CIP 2",TIME(2,30,0), IF(E79="CIP 3",TIME(3,20,0), IF(AND(ISNUMBER(F79),ISNUMBER(D79),D79>0),F79/D79/24,"Ошибка"))))))))) -> 0.48007246 | D79: 4600 | E79: Нектар Морковь 0,75 л ТМ «Soko GRANDE» | F79: 53000 | G79: 756 | H79: =IFERROR(Линия3[[#This Row],[Количество]]/Линия3[[#This Row],[Шт. в поддоне]], "") -> 70.10582
A80: =B79 -> 46035.918 | B80: =Линия3[[#This Row],[Дата начала]]+Линия3[[#This Row],[Длительность]] -> 46035.928 | C80: =IF(E80="Вытеснение",TIME(0,30,0), IF(E80="Передача смены",TIME(0,20,0), IF(E80="Запуск",TIME(0,30,0), IF(E80="Смена ассортимента",TIME(0,15,0), IF(E80="Переналадка формата",TIME(5,0,0), IF(E80="CIP 1",TIME(0,40,0), IF(E80="CIP 2",TIME(2,30,0), IF(E80="CIP 3",TIME(3,20,0), IF(AND(ISNUMBER(F80),ISNUMBER(D80),D80>0),F80/D80/24,"Ошибка"))))))))) -> 0.010416667 | E80: Смена ассортимента | H80: =IFERROR(Линия3[[#This Row],[Количество]]/Линия3[[#This Row],[Шт. в поддоне]], "")
A81: =B80 -> 46035.928 | B81: =Линия3[[#This Row],[Дата начала]]+Линия3[[#This Row],[Длительность]] -> 46036.29 | C81: =IF(E81="Вытеснение",TIME(0,30,0), IF(E81="Передача смены",TIME(0,20,0), IF(E81="Запуск",TIME(0,30,0), IF(E81="Смена ассортимента",TIME(0,15,0), IF(E81="Переналадка формата",TIME(5,0,0), IF(E81="CIP 1",TIME(0,40,0), IF(E81="CIP 2",TIME(2,30,0), IF(E81="CIP 3",TIME(3,20,0), IF(AND(ISNUMBER(F81),ISNUMBER(D81),D81>0),F81/D81/24,"Ошибка"))))))))) -> 0.36231884 | D81: 4600 | E81: Нектар Морковь 0,75 л ТМ «Мамина Дача» | F81: 40000 | G81: 756 | H81: =IFERROR(Линия3[[#This Row],[Количество]]/Линия3[[#This Row],[Шт. в поддоне]], "") -> 52.910053
A82: =B81 -> 46036.29 | B82: =Линия3[[#This Row],[Дата начала]]+Линия3[[#This Row],[Длительность]] -> 46036.394 | C82: =IF(E82="Вытеснение",TIME(0,30,0), IF(E82="Передача смены",TIME(0,20,0), IF(E82="Запуск",TIME(0,30,0), IF(E82="Смена ассортимента",TIME(0,15,0), IF(E82="Переналадка формата",TIME(5,0,0), IF(E82="CIP 1",TIME(0,40,0), IF(E82="CIP 2",TIME(2,30,0), IF(E82="CIP 3",TIME(3,20,0), IF(AND(ISNUMBER(F82),ISNUMBER(D82),D82>0),F82/D82/24,"Ошибка"))))))))) -> 0.10416667 | E82: CIP 2 | H82: =IFERROR(Линия3[[#This Row],[Количество]]/Линия3[[#This Row],[Шт. в поддоне]], "")
A83: 46036.5 | B83: =Линия3[[#This Row],[Дата начала]]+Линия3[[#This Row],[Длительность]] -> 46036.862 | C83: =IF(E83="Вытеснение",TIME(0,30,0), IF(E83="Передача смены",TIME(0,20,0), IF(E83="Запуск",TIME(0,30,0), IF(E83="Смена ассортимента",TIME(0,15,0), IF(E83="Переналадка формата",TIME(5,0,0), IF(E83="CIP 1",TIME(0,40,0), IF(E83="CIP 2",TIME(2,30,0), IF(E83="CIP 3",TIME(3,20,0), IF(AND(ISNUMBER(F83),ISNUMBER(D83),D83>0),F83/D83/24,"Ошибка"))))))))) -> 0.36231884 | D83: 4600 | E83: Нектар Манго 0,75 л ТМ «Мамина Дача» | F83: 40000 | G83: 756 | H83: 53
A84: =B83 -> 46036.862 | B84: =Линия3[[#This Row],[Дата начала]]+Линия3[[#This Row],[Длительность]] -> 46037.071 | C84: 0.20833333 | E84: CIP 3 + Переналадка на 1,0 л Бриола | H84: =IFERROR(Линия3[[#This Row],[Количество]]/Линия3[[#This Row],[Шт. в поддоне]], "")
A85: 46037.347 | B85: =Линия3[[#This Row],[Дата начала]]+Линия3[[#This Row],[Длительность]] -> 46037.91 | C85: =IF(E85="Вытеснение",TIME(0,30,0), IF(E85="Передача смены",TIME(0,20,0), IF(E85="Запуск",TIME(0,30,0), IF(E85="Смена ассортимента",TIME(0,15,0), IF(E85="Переналадка формата",TIME(5,0,0), IF(E85="CIP 1",TIME(0,40,0), IF(E85="CIP 2",TIME(2,30,0), IF(E85="CIP 3",TIME(3,20,0), IF(AND(ISNUMBER(F85),ISNUMBER(D85),D85>0),F85/D85/24,"Ошибка"))))))))) -> 0.56306306 | D85: 3700 | E85: Нектар Тыква 1,0 л ТМ «Магнит» | F85: 50000 | G85: 480 | H85: =IFERROR(Линия3[[#This Row],[Количество]]/Линия3[[#This Row],[Шт. в поддоне]], "") -> 104.16667
A86: =B85 -> 46037.91 | B86: =Линия3[[#This Row],[Дата начала]]+Линия3[[#This Row],[Длительность]] -> 46038.014 | C86: =IF(E86="Вытеснение",TIME(0,30,0), IF(E86="Передача смены",TIME(0,20,0), IF(E86="Запуск",TIME(0,30,0), IF(E86="Смена ассортимента",TIME(0,15,0), IF(E86="Переналадка формата",TIME(5,0,0), IF(E86="CIP 1",TIME(0,40,0), IF(E86="CIP 2",TIME(2,30,0), IF(E86="CIP 3",TIME(3,20,0), IF(AND(ISNUMBER(F86),ISNUMBER(D86),D86>0),F86/D86/24,"Ошибка"))))))))) -> 0.10416667 | E86: CIP 2 | H86: =IFERROR(Линия3[[#This Row],[Количество]]/Линия3[[#This Row],[Шт. в поддоне]], "")
A87: =B86 -> 46038.014 | B87: =Линия3[[#This Row],[Дата начала]]+Линия3[[#This Row],[Длительность]] -> 46038.578 | C87: =IF(E87="Вытеснение",TIME(0,30,0), IF(E87="Передача смены",TIME(0,20,0), IF(E87="Запуск",TIME(0,30,0), IF(E87="Смена ассортимента",TIME(0,15,0), IF(E87="Переналадка формата",TIME(5,0,0), IF(E87="CIP 1",TIME(0,40,0), IF(E87="CIP 2",TIME(2,30,0), IF(E87="CIP 3",TIME(3,20,0), IF(AND(ISNUMBER(F87),ISNUMBER(D87),D87>0),F87/D87/24,"Ошибка"))))))))) -> 0.56306306 | D87: 3700 | E87: Нектар Тыква 1,0 л ТМ «Магнит» | F87: 50000 | G87: 480 | H87: =IFERROR(Линия3[[#This Row],[Количество]]/Линия3[[#This Row],[Шт. в поддоне]], "") -> 104.16667
A88: =B87 -> 46038.578 | B88: =Линия3[[#This Row],[Дата начала]]+Линия3[[#This Row],[Длительность]] -> 46038.682 | C88: =IF(E88="Вытеснение",TIME(0,30,0), IF(E88="Передача смены",TIME(0,20,0), IF(E88="Запуск",TIME(0,30,0), IF(E88="Смена ассортимента",TIME(0,15,0), IF(E88="Переналадка формата",TIME(5,0,0), IF(E88="CIP 1",TIME(0,40,0), IF(E88="CIP 2",TIME(2,30,0), IF(E88="CIP 3",TIME(3,20,0), IF(AND(ISNUMBER(F88),ISNUMBER(D88),D88>0),F88/D88/24,"Ошибка"))))))))) -> 0.10416667 | E88: CIP 2 | H88: =IFERROR(Линия3[[#This Row],[Количество]]/Линия3[[#This Row],[Шт. в поддоне]], "")
A89: =B88 -> 46038.682 | B89: =Линия3[[#This Row],[Дата начала]]+Линия3[[#This Row],[Длительность]] -> 46039.02 | C89: =IF(E89="Вытеснение",TIME(0,30,0), IF(E89="Передача смены",TIME(0,20,0), IF(E89="Запуск",TIME(0,30,0), IF(E89="Смена ассортимента",TIME(0,15,0), IF(E89="Переналадка формата",TIME(5,0,0), IF(E89="CIP 1",TIME(0,40,0), IF(E89="CIP 2",TIME(2,30,0), IF(E89="CIP 3",TIME(3,20,0), IF(AND(ISNUMBER(F89),ISNUMBER(D89),D89>0),F89/D89/24,"Ошибка"))))))))) -> 0.33783784 | D89: 3700 | E89: Нектар Тыква 1,0 л ТМ «Магнит» | F89: 30000 | G89: 480 | H89: =IFERROR(Линия3[[#This Row],[Количество]]/Линия3[[#This Row],[Шт. в поддоне]], "") -> 62.5
A90: =B89 -> 46039.02 | B90: =Линия3[[#This Row],[Дата начала]]+Линия3[[#This Row],[Длительность]] -> 46039.103 | C90: 0.083333333 | E90: Смена ассортимента | H90: =IFERROR(Линия3[[#This Row],[Количество]]/Линия3[[#This Row],[Шт. в поддоне]], "")
A91: =B90 -> 46039.103 | B91: =Линия3[[#This Row],[Дата начала]]+Линия3[[#This Row],[Длительность]] -> 46039.328 | C91: =IF(E91="Вытеснение",TIME(0,30,0), IF(E91="Передача смены",TIME(0,20,0), IF(E91="Запуск",TIME(0,30,0), IF(E91="Смена ассортимента",TIME(0,15,0), IF(E91="Переналадка формата",TIME(5,0,0), IF(E91="CIP 1",TIME(0,40,0), IF(E91="CIP 2",TIME(2,30,0), IF(E91="CIP 3",TIME(3,20,0), IF(AND(ISNUMBER(F91),ISNUMBER(D91),D91>0),F91/D91/24,"Ошибка"))))))))) -> 0.22522523 | D91: 3700 | E91: Нектар Тыква 1,0 л ТМ «Для Всей Семьи» | F91: 20000 | G91: 480 | H91: =IFERROR(Линия3[[#This Row],[Количество]]/Линия3[[#This Row],[Шт. в поддоне]], "") -> 41.666667
A92: =B91 -> 46039.328 | B92: =Линия3[[#This Row],[Дата начала]]+Линия3[[#This Row],[Длительность]] -> 46039.495 | C92: 0.16666667 | E92: CIP 3 + Переналадка на прайм | H92: =IFERROR(Линия3[[#This Row],[Количество]]/Линия3[[#This Row],[Шт. в поддоне]], "")
A93: =B92 -> 46039.495 | B93: =Линия3[[#This Row],[Дата начала]]+Линия3[[#This Row],[Длительность]] -> 46039.766 | C93: =IF(E93="Вытеснение",TIME(0,30,0), IF(E93="Передача смены",TIME(0,20,0), IF(E93="Запуск",TIME(0,30,0), IF(E93="Смена ассортимента",TIME(0,15,0), IF(E93="Переналадка формата",TIME(5,0,0), IF(E93="CIP 1",TIME(0,40,0), IF(E93="CIP 2",TIME(2,30,0), IF(E93="CIP 3",TIME(3,20,0), IF(AND(ISNUMBER(F93),ISNUMBER(D93),D93>0),F93/D93/24,"Ошибка"))))))))) -> 0.27173913 | D93: 4600 | E93: Сок Яблоко 1,0 л ТМ «Баринофф» | F93: 30000 | G93: 504 | H93: =IFERROR(Линия3[[#This Row],[Количество]]/Линия3[[#This Row],[Шт. в поддоне]], "") -> 59.52381
A94: =B93 -> 46039.766 | B94: =Линия3[[#This Row],[Дата начала]]+Линия3[[#This Row],[Длительность]] -> 46039.787 | C94: =IF(E94="Вытеснение",TIME(0,30,0), IF(E94="Передача смены",TIME(0,20,0), IF(E94="Запуск",TIME(0,30,0), IF(E94="Смена ассортимента",TIME(0,15,0), IF(E94="Переналадка формата",TIME(5,0,0), IF(E94="CIP 1",TIME(0,40,0), IF(E94="CIP 2",TIME(2,30,0), IF(E94="CIP 3",TIME(3,20,0), IF(AND(ISNUMBER(F94),ISNUMBER(D94),D94>0),F94/D94/24,"Ошибка"))))))))) -> 0.020833333 | E94: Вытеснение | H94: =IFERROR(Линия3[[#This Row],[Количество]]/Линия3[[#This Row],[Шт. в поддоне]], "")
A95: =B94 -> 46039.787 | B95: =Линия3[[#This Row],[Дата начала]]+Линия3[[#This Row],[Длительность]] -> 46040.512 | C95: =IF(E95="Вытеснение",TIME(0,30,0), IF(E95="Передача смены",TIME(0,20,0), IF(E95="Запуск",TIME(0,30,0), IF(E95="Смена ассортимента",TIME(0,15,0), IF(E95="Переналадка формата",TIME(5,0,0), IF(E95="CIP 1",TIME(0,40,0), IF(E95="CIP 2",TIME(2,30,0), IF(E95="CIP 3",TIME(3,20,0), IF(AND(ISNUMBER(F95),ISNUMBER(D95),D95>0),F95/D95/24,"Ошибка"))))))))) -> 0.72463768 | D95: 4600 | E95: Сок Гранат 1,0 л ТМ «Баринофф» | F95: 80000 | G95: 504 | H95: =IFERROR(Линия3[[#This Row],[Количество]]/Линия3[[#This Row],[Шт. в поддоне]], "") -> 158.73016
A96: =B95 -> 46040.512 | B96: =Линия3[[#This Row],[Дата начала]]+Линия3[[#This Row],[Длительность]] -> 46040.651 | C96: =IF(E96="Вытеснение",TIME(0,30,0), IF(E96="Передача смены",TIME(0,20,0), IF(E96="Запуск",TIME(0,30,0), IF(E96="Смена ассортимента",TIME(0,15,0), IF(E96="Переналадка формата",TIME(5,0,0), IF(E96="CIP 1",TIME(0,40,0), IF(E96="CIP 2",TIME(2,30,0), IF(E96="CIP 3",TIME(3,20,0), IF(AND(ISNUMBER(F96),ISNUMBER(D96),D96>0),F96/D96/24,"Ошибка"))))))))) -> 0.13888889 | E96: CIP 3 | H96: =IFERROR(Линия3[[#This Row],[Количество]]/Линия3[[#This Row],[Шт. в поддоне]], "")
A97: 46041.542 | B97: =Линия3[[#This Row],[Дата начала]]+Линия3[[#This Row],[Длительность]] -> 46042.217 | C97: =IF(E97="Вытеснение",TIME(0,30,0), IF(E97="Передача смены",TIME(0,20,0), IF(E97="Запуск",TIME(0,30,0), IF(E97="Смена ассортимента",TIME(0,15,0), IF(E97="Переналадка формата",TIME(5,0,0), IF(E97="CIP 1",TIME(0,40,0), IF(E97="CIP 2",TIME(2,30,0), IF(E97="CIP 3",TIME(3,20,0), IF(AND(ISNUMBER(F97),ISNUMBER(D97),D97>0),F97/D97/24,"Ошибка"))))))))) -> 0.67567568 | D97: 3700 | E97: Нектар Морковь 1,0 л ТМ «Баринофф» | F97: 60000 | G97: 504 | H97: =IFERROR(Линия3[[#This Row],[Количество]]/Линия3[[#This Row],[Шт. в поддоне]], "") -> 119.04762
A98: 46042.486 | B98: =Линия3[[#This Row],[Дата начала]]+Линия3[[#This Row],[Длительность]] -> 46042.59 | C98: =IF(E98="Вытеснение",TIME(0,30,0), IF(E98="Передача смены",TIME(0,20,0), IF(E98="Запуск",TIME(0,30,0), IF(E98="Смена ассортимента",TIME(0,15,0), IF(E98="Переналадка формата",TIME(5,0,0), IF(E98="CIP 1",TIME(0,40,0), IF(E98="CIP 2",TIME(2,30,0), IF(E98="CIP 3",TIME(3,20,0), IF(AND(ISNUMBER(F98),ISNUMBER(D98),D98>0),F98/D98/24,"Ошибка"))))))))) -> 0.10416667 | E98: CIP 2 | H98: =IFERROR(Линия3[[#This Row],[Количество]]/Линия3[[#This Row],[Шт. в поддоне]], "")
A99: =B98 -> 46042.59 | B99: =Линия3[[#This Row],[Дата начала]]+Линия3[[#This Row],[Длительность]] -> 46042.953 | C99: =IF(E99="Вытеснение",TIME(0,30,0), IF(E99="Передача смены",TIME(0,20,0), IF(E99="Запуск",TIME(0,30,0), IF(E99="Смена ассортимента",TIME(0,15,0), IF(E99="Переналадка формата",TIME(5,0,0), IF(E99="CIP 1",TIME(0,40,0), IF(E99="CIP 2",TIME(2,30,0), IF(E99="CIP 3",TIME(3,20,0), IF(AND(ISNUMBER(F99),ISNUMBER(D99),D99>0),F99/D99/24,"Ошибка"))))))))) -> 0.36231884 | D99: 4600 | E99: Нектар Манго 1,0 л ТМ «Баринофф» | F99: 40000 | G99: 504 | H99: =IFERROR(Линия3[[#This Row],[Количество]]/Линия3[[#This Row],[Шт. в поддоне]], "") -> 79.365079
A100: =B99 -> 46042.953 | B100: =Линия3[[#This Row],[Дата начала]]+Линия3[[#This Row],[Длительность]] -> 46043.057 | C100: =IF(E100="Вытеснение",TIME(0,30,0), IF(E100="Передача смены",TIME(0,20,0), IF(E100="Запуск",TIME(0,30,0), IF(E100="Смена ассортимента",TIME(0,15,0), IF(E100="Переналадка формата",TIME(5,0,0), IF(E100="CIP 1",TIME(0,40,0), IF(E100="CIP 2",TIME(2,30,0), IF(E100="CIP 3",TIME(3,20,0), IF(AND(ISNUMBER(F100),ISNUMBER(D100),D100>0),F100/D100/24,"Ошибка"))))))))) -> 0.10416667 | E100: CIP 2 | H100: =IFERROR(Линия3[[#This Row],[Количество]]/Линия3[[#This Row],[Шт. в поддоне]], "")
...

Sheet Линия 4
A1: Линия розлива №4
A2: Дата начала | B2: Дата конца | C2: Длительность | D2: Скорость | E2: Наименование | F2: Количество | G2: Шт. в поддоне | H2: Кол-во поддоном
C3: =IF(E3="Вытеснение",TIME(0,30,0), IF(E3="Передача смены",TIME(0,20,0), IF(E3="Запуск",TIME(0,30,0), IF(E3="Смена ассортимента",TIME(0,15,0), IF(E3="Переналадка формата",TIME(5,0,0), IF(E3="CIP 1",TIME(2,30,0), IF(E3="CIP 2",TIME(2,30,0), IF(E3="CIP 3",TIME(3,20,0), IF(AND(ISNUMBER(F3),ISNUMBER(D3),D3>0),F3/D3/24,"Ошибка"))))))))) -> 0.21969697 | D3: 5500 | E3: Нектар Тыква-Манго 0,33 ТМ «Вау Мяу» | F3: 29000 | G3: 1470 | H3: =IFERROR(Линия4[[#This Row],[Количество]]/Линия4[[#This Row],[Шт. в поддоне]], "") -> 19.727891
C4: =IF(E4="Вытеснение",TIME(0,30,0), IF(E4="Передача смены",TIME(0,20,0), IF(E4="Запуск",TIME(0,30,0), IF(E4="Смена ассортимента",TIME(0,15,0), IF(E4="Переналадка формата",TIME(5,0,0), IF(E4="CIP 1",TIME(2,30,0), IF(E4="CIP 2",TIME(2,30,0), IF(E4="CIP 3",TIME(3,20,0), IF(AND(ISNUMBER(F4),ISNUMBER(D4),D4>0),F4/D4/24,"Ошибка"))))))))) -> 0.10416667 | E4: CIP 2 | H4: =IFERROR(Линия4[[#This Row],[Количество]]/Линия4[[#This Row],[Шт. в поддоне]], "")
C5: =IF(E5="Вытеснение",TIME(0,30,0), IF(E5="Передача смены",TIME(0,20,0), IF(E5="Запуск",TIME(0,30,0), IF(E5="Смена ассортимента",TIME(0,15,0), IF(E5="Переналадка формата",TIME(5,0,0), IF(E5="CIP 1",TIME(2,30,0), IF(E5="CIP 2",TIME(2,30,0), IF(E5="CIP 3",TIME(3,20,0), IF(AND(ISNUMBER(F5),ISNUMBER(D5),D5>0),F5/D5/24,"Ошибка"))))))))) -> 0.020833333 | E5: Запуск | H5: =IFERROR(Линия4[[#This Row],[Количество]]/Линия4[[#This Row],[Шт. в поддоне]], "")
C6: =IF(E6="Вытеснение",TIME(0,30,0), IF(E6="Передача смены",TIME(0,20,0), IF(E6="Запуск",TIME(0,30,0), IF(E6="Смена ассортимента",TIME(0,15,0), IF(E6="Переналадка формата",TIME(5,0,0), IF(E6="CIP 1",TIME(2,30,0), IF(E6="CIP 2",TIME(2,30,0), IF(E6="CIP 3",TIME(3,20,0), IF(AND(ISNUMBER(F6),ISNUMBER(D6),D6>0),F6/D6/24,"Ошибка"))))))))) -> 0.075757576 | D6: 5500 | E6: Нектар Морковь 0,33 ТМ «Spar Kids» | F6: 10000 | G6: 1470 | H6: =IFERROR(Линия4[[#This Row],[Количество]]/Линия4[[#This Row],[Шт. в поддоне]], "") -> 6.8027211
C7: =IF(E7="Вытеснение",TIME(0,30,0), IF(E7="Передача смены",TIME(0,20,0), IF(E7="Запуск",TIME(0,30,0), IF(E7="Смена ассортимента",TIME(0,15,0), IF(E7="Переналадка формата",TIME(5,0,0), IF(E7="CIP 1",TIME(2,30,0), IF(E7="CIP 2",TIME(2,30,0), IF(E7="CIP 3",TIME(3,20,0), IF(AND(ISNUMBER(F7),ISNUMBER(D7),D7>0),F7/D7/24,"Ошибка"))))))))) -> 0.010416667 | E7: Смена ассортимента | H7: =IFERROR(Линия4[[#This Row],[Количество]]/Линия4[[#This Row],[Шт. в поддоне]], "")
C8: =IF(E8="Вытеснение",TIME(0,30,0), IF(E8="Передача смены",TIME(0,20,0), IF(E8="Запуск",TIME(0,30,0), IF(E8="Смена ассортимента",TIME(0,15,0), IF(E8="Переналадка формата",TIME(5,0,0), IF(E8="CIP 1",TIME(2,30,0), IF(E8="CIP 2",TIME(2,30,0), IF(E8="CIP 3",TIME(3,20,0), IF(AND(ISNUMBER(F8),ISNUMBER(D8),D8>0),F8/D8/24,"Ошибка"))))))))) -> 0.020833333 | E8: Запуск | H8: =IFERROR(Линия4[[#This Row],[Количество]]/Линия4[[#This Row],[Шт. в поддоне]], "")
C9: =IF(E9="Вытеснение",TIME(0,30,0), IF(E9="Передача смены",TIME(0,20,0), IF(E9="Запуск",TIME(0,30,0), IF(E9="Смена ассортимента",TIME(0,15,0), IF(E9="Переналадка формата",TIME(5,0,0), IF(E9="CIP 1",TIME(2,30,0), IF(E9="CIP 2",TIME(2,30,0), IF(E9="CIP 3",TIME(3,20,0), IF(AND(ISNUMBER(F9),ISNUMBER(D9),D9>0),F9/D9/24,"Ошибка"))))))))) -> 0.18939394 | D9: 5500 | E9: Нектар Морковь 0,33 ТМ «Вау Мяу» | F9: 25000 | G9: 1470 | H9: =IFERROR(Линия4[[#This Row],[Количество]]/Линия4[[#This Row],[Шт. в поддоне]], "") -> 17.006803
C10: =IF(E10="Вытеснение",TIME(0,30,0), IF(E10="Передача смены",TIME(0,20,0), IF(E10="Запуск",TIME(0,30,0), IF(E10="Смена ассортимента",TIME(0,15,0), IF(E10="Переналадка формата",TIME(5,0,0), IF(E10="CIP 1",TIME(2,30,0), IF(E10="CIP 2",TIME(2,30,0), IF(E10="CIP 3",TIME(3,20,0), IF(AND(ISNUMBER(F10),ISNUMBER(D10),D10>0),F10/D10/24,"Ошибка"))))))))) -> 0.010416667 | E10: Смена ассортимента | H10: =IFERROR(Линия4[[#This Row],[Количество]]/Линия4[[#This Row],[Шт. в поддоне]], "")
C11: =IF(E11="Вытеснение",TIME(0,30,0), IF(E11="Передача смены",TIME(0,20,0), IF(E11="Запуск",TIME(0,30,0), IF(E11="Смена ассортимента",TIME(0,15,0), IF(E11="Переналадка формата",TIME(5,0,0), IF(E11="CIP 1",TIME(2,30,0), IF(E11="CIP 2",TIME(2,30,0), IF(E11="CIP 3",TIME(3,20,0), IF(AND(ISNUMBER(F11),ISNUMBER(D11),D11>0),F11/D11/24,"Ошибка"))))))))) -> 0.020833333 | E11: Запуск | H11: =IFERROR(Линия4[[#This Row],[Количество]]/Линия4[[#This Row],[Шт. в поддоне]], "")
C12: =IF(E12="Вытеснение",TIME(0,30,0), IF(E12="Передача смены",TIME(0,20,0), IF(E12="Запуск",TIME(0,30,0), IF(E12="Смена ассортимента",TIME(0,15,0), IF(E12="Переналадка формата",TIME(5,0,0), IF(E12="CIP 1",TIME(2,30,0), IF(E12="CIP 2",TIME(2,30,0), IF(E12="CIP 3",TIME(3,20,0), IF(AND(ISNUMBER(F12),ISNUMBER(D12),D12>0),F12/D12/24,"Ошибка"))))))))) -> 0.18939394 | D12: 5500 | E12: Нектар Морковь 0,33 ТМ «Миша» | F12: 25000 | G12: 1470 | H12: =IFERROR(Линия4[[#This Row],[Количество]]/Линия4[[#This Row],[Шт. в поддоне]], "") -> 17.006803
C13: =IF(E13="Вытеснение",TIME(0,30,0), IF(E13="Передача смены",TIME(0,20,0), IF(E13="Запуск",TIME(0,30,0), IF(E13="Смена ассортимента",TIME(0,15,0), IF(E13="Переналадка формата",TIME(5,0,0), IF(E13="CIP 1",TIME(2,30,0), IF(E13="CIP 2",TIME(2,30,0), IF(E13="CIP 3",TIME(3,20,0), IF(AND(ISNUMBER(F13),ISNUMBER(D13),D13>0),F13/D13/24,"Ошибка"))))))))) -> 0.020833333 | E13: Вытеснение | H13: =IFERROR(Линия4[[#This Row],[Количество]]/Линия4[[#This Row],[Шт. в поддоне]], "")
C14: =IF(E14="Вытеснение",TIME(0,30,0), IF(E14="Передача смены",TIME(0,20,0), IF(E14="Запуск",TIME(0,30,0), IF(E14="Смена ассортимента",TIME(0,15,0), IF(E14="Переналадка формата",TIME(5,0,0), IF(E14="CIP 1",TIME(2,30,0), IF(E14="CIP 2",TIME(2,30,0), IF(E14="CIP 3",TIME(3,20,0), IF(AND(ISNUMBER(F14),ISNUMBER(D14),D14>0),F14/D14/24,"Ошибка"))))))))) -> 0.020833333 | E14: Запуск | H14: =IFERROR(Линия4[[#This Row],[Количество]]/Линия4[[#This Row],[Шт. в поддоне]], "")
C15: =IF(E15="Вытеснение",TIME(0,30,0), IF(E15="Передача смены",TIME(0,20,0), IF(E15="Запуск",TIME(0,30,0), IF(E15="Смена ассортимента",TIME(0,15,0), IF(E15="Переналадка формата",TIME(5,0,0), IF(E15="CIP 1",TIME(2,30,0), IF(E15="CIP 2",TIME(2,30,0), IF(E15="CIP 3",TIME(3,20,0), IF(AND(ISNUMBER(F15),ISNUMBER(D15),D15>0),F15/D15/24,"Ошибка"))))))))) -> 0.075757576 | D15: 5500 | E15: Нектар Морковь-Яблоко-Банан 0,33 ТМ «Spar Kids» | F15: 10000 | G15: 1470 | H15: =IFERROR(Линия4[[#This Row],[Количество]]/Линия4[[#This Row],[Шт. в поддоне]], "") -> 6.8027211
C16: =IF(E16="Вытеснение",TIME(0,30,0), IF(E16="Передача смены",TIME(0,20,0), IF(E16="Запуск",TIME(0,30,0), IF(E16="Смена ассортимента",TIME(0,15,0), IF(E16="Переналадка формата",TIME(5,0,0), IF(E16="CIP 1",TIME(2,30,0), IF(E16="CIP 2",TIME(2,30,0), IF(E16="CIP 3",TIME(3,20,0), IF(AND(ISNUMBER(F16),ISNUMBER(D16),D16>0),F16/D16/24,"Ошибка"))))))))) -> 0.010416667 | E16: Смена ассортимента | H16: =IFERROR(Линия4[[#This Row],[Количество]]/Линия4[[#This Row],[Шт. в поддоне]], "")
C17: =IF(E17="Вытеснение",TIME(0,30,0), IF(E17="Передача смены",TIME(0,20,0), IF(E17="Запуск",TIME(0,30,0), IF(E17="Смена ассортимента",TIME(0,15,0), IF(E17="Переналадка формата",TIME(5,0,0), IF(E17="CIP 1",TIME(2,30,0), IF(E17="CIP 2",TIME(2,30,0), IF(E17="CIP 3",TIME(3,20,0), IF(AND(ISNUMBER(F17),ISNUMBER(D17),D17>0),F17/D17/24,"Ошибка"))))))))) -> 0.020833333 | E17: Запуск | H17: =IFERROR(Линия4[[#This Row],[Количество]]/Линия4[[#This Row],[Шт. в поддоне]], "")
C18: =IF(E18="Вытеснение",TIME(0,30,0), IF(E18="Передача смены",TIME(0,20,0), IF(E18="Запуск",TIME(0,30,0), IF(E18="Смена ассортимента",TIME(0,15,0), IF(E18="Переналадка формата",TIME(5,0,0), IF(E18="CIP 1",TIME(2,30,0), IF(E18="CIP 2",TIME(2,30,0), IF(E18="CIP 3",TIME(3,20,0), IF(AND(ISNUMBER(F18),ISNUMBER(D18),D18>0),F18/D18/24,"Ошибка"))))))))) -> 0.068181818 | D18: 5500 | E18: Нектар Морковь-Яблоко-Клубника 0,33 ТМ «Spar Kids» | F18: 9000 | G18: 1470 | H18: =IFERROR(Линия4[[#This Row],[Количество]]/Линия4[[#This Row],[Шт. в поддоне]], "") -> 6.122449
C19: =IF(E19="Вытеснение",TIME(0,30,0), IF(E19="Передача смены",TIME(0,20,0), IF(E19="Запуск",TIME(0,30,0), IF(E19="Смена ассортимента",TIME(0,15,0), IF(E19="Переналадка формата",TIME(5,0,0), IF(E19="CIP 1",TIME(2,30,0), IF(E19="CIP 2",TIME(2,30,0), IF(E19="CIP 3",TIME(3,20,0), IF(AND(ISNUMBER(F19),ISNUMBER(D19),D19>0),F19/D19/24,"Ошибка"))))))))) -> 0.010416667 | E19: Смена ассортимента | H19: =IFERROR(Линия4[[#This Row],[Количество]]/Линия4[[#This Row],[Шт. в поддоне]], "")
C20: =IF(E20="Вытеснение",TIME(0,30,0), IF(E20="Передача смены",TIME(0,20,0), IF(E20="Запуск",TIME(0,30,0), IF(E20="Смена ассортимента",TIME(0,15,0), IF(E20="Переналадка формата",TIME(5,0,0), IF(E20="CIP 1",TIME(2,30,0), IF(E20="CIP 2",TIME(2,30,0), IF(E20="CIP 3",TIME(3,20,0), IF(AND(ISNUMBER(F20),ISNUMBER(D20),D20>0),F20/D20/24,"Ошибка"))))))))) -> 0.020833333 | E20: Запуск | H20: =IFERROR(Линия4[[#This Row],[Количество]]/Линия4[[#This Row],[Шт. в поддоне]], "")
C21: =IF(E21="Вытеснение",TIME(0,30,0), IF(E21="Передача смены",TIME(0,20,0), IF(E21="Запуск",TIME(0,30,0), IF(E21="Смена ассортимента",TIME(0,15,0), IF(E21="Переналадка формата",TIME(5,0,0), IF(E21="CIP 1",TIME(2,30,0), IF(E21="CIP 2",TIME(2,30,0), IF(E21="CIP 3",TIME(3,20,0), IF(AND(ISNUMBER(F21),ISNUMBER(D21),D21>0),F21/D21/24,"Ошибка"))))))))) -> 0.068181818 | D21: 5500 | E21: Нектар Морковь-Яблоко-Клубника 0,33 ТМ «Миша» | F21: 9000 | G21: 1470 | H21: =IFERROR(Линия4[[#This Row],[Количество]]/Линия4[[#This Row],[Шт. в поддоне]], "") -> 6.122449
C22: =IF(E22="Вытеснение",TIME(0,30,0), IF(E22="Передача смены",TIME(0,20,0), IF(E22="Запуск",TIME(0,30,0), IF(E22="Смена ассортимента",TIME(0,15,0), IF(E22="Переналадка формата",TIME(5,0,0), IF(E22="CIP 1",TIME(2,30,0), IF(E22="CIP 2",TIME(2,30,0), IF(E22="CIP 3",TIME(3,20,0), IF(AND(ISNUMBER(F22),ISNUMBER(D22),D22>0),F22/D22/24,"Ошибка"))))))))) -> 0.020833333 | E22: Вытеснение | H22: =IFERROR(Линия4[[#This Row],[Количество]]/Линия4[[#This Row],[Шт. в поддоне]], "")
C23: =IF(E23="Вытеснение",TIME(0,30,0), IF(E23="Передача смены",TIME(0,20,0), IF(E23="Запуск",TIME(0,30,0), IF(E23="Смена ассортимента",TIME(0,15,0), IF(E23="Переналадка формата",TIME(5,0,0), IF(E23="CIP 1",TIME(2,30,0), IF(E23="CIP 2",TIME(2,30,0), IF(E23="CIP 3",TIME(3,20,0), IF(AND(ISNUMBER(F23),ISNUMBER(D23),D23>0),F23/D23/24,"Ошибка"))))))))) -> 0.020833333 | E23: Запуск | H23: =IFERROR(Линия4[[#This Row],[Количество]]/Линия4[[#This Row],[Шт. в поддоне]], "")
C24: =IF(E24="Вытеснение",TIME(0,30,0), IF(E24="Передача смены",TIME(0,20,0), IF(E24="Запуск",TIME(0,30,0), IF(E24="Смена ассортимента",TIME(0,15,0), IF(E24="Переналадка формата",TIME(5,0,0), IF(E24="CIP 1",TIME(2,30,0), IF(E24="CIP 2",TIME(2,30,0), IF(E24="CIP 3",TIME(3,20,0), IF(AND(ISNUMBER(F24),ISNUMBER(D24),D24>0),F24/D24/24,"Ошибка"))))))))) -> 0.13636364 | D24: 5500 | E24: Нектар Морковь-Яблоко-Малина 0,33 ТМ «Вау Мяу» | F24: 18000 | G24: 1470 | H24: =IFERROR(Линия4[[#This Row],[Количество]]/Линия4[[#This Row],[Шт. в поддоне]], "") -> 12.244898
C25: =IF(E25="Вытеснение",TIME(0,30,0), IF(E25="Передача смены",TIME(0,20,0), IF(E25="Запуск",TIME(0,30,0), IF(E25="Смена ассортимента",TIME(0,15,0), IF(E25="Переналадка формата",TIME(5,0,0), IF(E25="CIP 1",TIME(2,30,0), IF(E25="CIP 2",TIME(2,30,0), IF(E25="CIP 3",TIME(3,20,0), IF(AND(ISNUMBER(F25),ISNUMBER(D25),D25>0),F25/D25/24,"Ошибка"))))))))) -> 0.10416667 | E25: CIP 2 | H25: =IFERROR(Линия4[[#This Row],[Количество]]/Линия4[[#This Row],[Шт. в поддоне]], "")
C26: =IF(E26="Вытеснение",TIME(0,30,0), IF(E26="Передача смены",TIME(0,20,0), IF(E26="Запуск",TIME(0,30,0), IF(E26="Смена ассортимента",TIME(0,15,0), IF(E26="Переналадка формата",TIME(5,0,0), IF(E26="CIP 1",TIME(2,30,0), IF(E26="CIP 2",TIME(2,30,0), IF(E26="CIP 3",TIME(3,20,0), IF(AND(ISNUMBER(F26),ISNUMBER(D26),D26>0),F26/D26/24,"Ошибка"))))))))) -> 0.020833333 | E26: Запуск | H26: =IFERROR(Линия4[[#This Row],[Количество]]/Линия4[[#This Row],[Шт. в поддоне]], "")
C27: =IF(E27="Вытеснение",TIME(0,30,0), IF(E27="Передача смены",TIME(0,20,0), IF(E27="Запуск",TIME(0,30,0), IF(E27="Смена ассортимента",TIME(0,15,0), IF(E27="Переналадка формата",TIME(5,0,0), IF(E27="CIP 1",TIME(2,30,0), IF(E27="CIP 2",TIME(2,30,0), IF(E27="CIP 3",TIME(3,20,0), IF(AND(ISNUMBER(F27),ISNUMBER(D27),D27>0),F27/D27/24,"Ошибка"))))))))) -> 0.13636364 | D27: 5500 | E27: Нектар Банан-Клубника 0,33 ТМ «Вау Мяу» | F27: 18000 | G27: 1470 | H27: =IFERROR(Линия4[[#This Row],[Количество]]/Линия4[[#This Row],[Шт. в поддоне]], "") -> 12.244898
C28: =IF(E28="Вытеснение",TIME(0,30,0), IF(E28="Передача смены",TIME(0,20,0), IF(E28="Запуск",TIME(0,30,0), IF(E28="Смена ассортимента",TIME(0,15,0), IF(E28="Переналадка формата",TIME(5,0,0), IF(E28="CIP 1",TIME(2,30,0), IF(E28="CIP 2",TIME(2,30,0), IF(E28="CIP 3",TIME(3,20,0), IF(AND(ISNUMBER(F28),ISNUMBER(D28),D28>0),F28/D28/24,"Ошибка"))))))))) -> 0.13888889 | E28: CIP 3 | H28: =IFERROR(Линия4[[#This Row],[Количество]]/Линия4[[#This Row],[Шт. в поддоне]], "")
E29: Переход на линию 2 | H29: =IFERROR(Линия4[[#This Row],[Количество]]/Линия4[[#This Row],[Шт. в поддоне]], "")
H30: =IFERROR(Линия4[[#This Row],[Количество]]/Линия4[[#This Row],[Шт. в поддоне]], "")
C31: =IF(E31="Вытеснение",TIME(0,30,0), IF(E31="Передача смены",TIME(0,20,0), IF(E31="Запуск",TIME(0,30,0), IF(E31="Смена ассортимента",TIME(0,15,0), IF(E31="Переналадка формата",TIME(5,0,0), IF(E31="CIP 1",TIME(2,30,0), IF(E31="CIP 2",TIME(2,30,0), IF(E31="CIP 3",TIME(3,20,0), IF(AND(ISNUMBER(F31),ISNUMBER(D31),D31>0),F31/D31/24,"Ошибка"))))))))) -> 3.7202381 | D31: 5600 | E31: Нектар Гранат 0,25 л ТМ «Дети» | F31: 500000 | G31: 1728 | H31: =IFERROR(Линия4[[#This Row],[Количество]]/Линия4[[#This Row],[Шт. в поддоне]], "") -> 289.35185
C32: =IF(E32="Вытеснение",TIME(0,30,0), IF(E32="Передача смены",TIME(0,20,0), IF(E32="Запуск",TIME(0,30,0), IF(E32="Смена ассортимента",TIME(0,15,0), IF(E32="Переналадка формата",TIME(5,0,0), IF(E32="CIP 1",TIME(2,30,0), IF(E32="CIP 2",TIME(2,30,0), IF(E32="CIP 3",TIME(3,20,0), IF(AND(ISNUMBER(F32),ISNUMBER(D32),D32>0),F32/D32/24,"Ошибка"))))))))) -> 0.13888889 | E32: CIP 3 | H32: =IFERROR(Линия4[[#This Row],[Количество]]/Линия4[[#This Row],[Шт. в поддоне]], "")
C33: =IF(E33="Вытеснение",TIME(0,30,0), IF(E33="Передача смены",TIME(0,20,0), IF(E33="Запуск",TIME(0,30,0), IF(E33="Смена ассортимента",TIME(0,15,0), IF(E33="Переналадка формата",TIME(5,0,0), IF(E33="CIP 1",TIME(2,30,0), IF(E33="CIP 2",TIME(2,30,0), IF(E33="CIP 3",TIME(3,20,0), IF(AND(ISNUMBER(F33),ISNUMBER(D33),D33>0),F33/D33/24,"Ошибка"))))))))) -> 0.020833333 | E33: Запуск | H33: =IFERROR(Линия4[[#This Row],[Количество]]/Линия4[[#This Row],[Шт. в поддоне]], "")
C34: =IF(E34="Вытеснение",TIME(0,30,0), IF(E34="Передача смены",TIME(0,20,0), IF(E34="Запуск",TIME(0,30,0), IF(E34="Смена ассортимента",TIME(0,15,0), IF(E34="Переналадка формата",TIME(5,0,0), IF(E34="CIP 1",TIME(2,30,0), IF(E34="CIP 2",TIME(2,30,0), IF(E34="CIP 3",TIME(3,20,0), IF(AND(ISNUMBER(F34),ISNUMBER(D34),D34>0),F34/D34/24,"Ошибка"))))))))) -> 3.7202381 | D34: 5600 | E34: Нектар Гранат 0,25 л ТМ «Дети» | F34: 500000 | G34: 1728 | H34: =IFERROR(Линия4[[#This Row],[Количество]]/Линия4[[#This Row],[Шт. в поддоне]], "") -> 289.35185
C35: =IF(E35="Вытеснение",TIME(0,30,0), IF(E35="Передача смены",TIME(0,20,0), IF(E35="Запуск",TIME(0,30,0), IF(E35="Смена ассортимента",TIME(0,15,0), IF(E35="Переналадка формата",TIME(5,0,0), IF(E35="CIP 1",TIME(2,30,0), IF(E35="CIP 2",TIME(2,30,0), IF(E35="CIP 3",TIME(3,20,0), IF(AND(ISNUMBER(F35),ISNUMBER(D35),D35>0),F35/D35/24,"Ошибка"))))))))) -> 0.13888889 | E35: CIP 3 | H35: =IFERROR(Линия4[[#This Row],[Количество]]/Линия4[[#This Row],[Шт. в поддоне]], "")
C36: =IF(E36="Вытеснение",TIME(0,30,0), IF(E36="Передача смены",TIME(0,20,0), IF(E36="Запуск",TIME(0,30,0), IF(E36="Смена ассортимента",TIME(0,15,0), IF(E36="Переналадка формата",TIME(5,0,0), IF(E36="CIP 1",TIME(2,30,0), IF(E36="CIP 2",TIME(2,30,0), IF(E36="CIP 3",TIME(3,20,0), IF(AND(ISNUMBER(F36),ISNUMBER(D36),D36>0),F36/D36/24,"Ошибка"))))))))) -> 3.7202381 | D36: 5600 | E36: Нектар Гранат 0,25 л ТМ «Дети» | F36: 500000 | G36: 1728 | H36: =IFERROR(Линия4[[#This Row],[Количество]]/Линия4[[#This Row],[Шт. в поддоне]], "") -> 289.35185
C37: {=_xlfn.IFS( OR(E37="CIP 1", E37="CIP1"), TIME(2,30,0), OR(E37="CIP 2", E37="CIP2"), TIME(2,30,0), OR(E37="CIP 3", E37="CIP3"), TIME(3,20,0), E37="Вытеснение", TIME(0,30,0), E37="Передача смены", TIME(0,20,0), E37="Запуск", TIME(0,30,0), E37="Смена ассортимента", TIME(0,15,0), E37="Переналадка формата", TIME(5,0,0), AND(ISNUMBER(F37), ISNUMBER(D37), D37>0), F37/D37/24, TRUE, "Ошибка" )} -> 0.13888889 | E37: CIP 3 | H37: =IFERROR(Линия4[[#This Row],[Количество]]/Линия4[[#This Row],[Шт. в поддоне]], "")
C38: {=_xlfn.IFS( OR(E38="CIP 1", E38="CIP1"), TIME(2,30,0), OR(E38="CIP 2", E38="CIP2"), TIME(2,30,0), OR(E38="CIP 3", E38="CIP3"), TIME(3,20,0), E38="Вытеснение", TIME(0,30,0), E38="Передача смены", TIME(0,20,0), E38="Запуск", TIME(0,30,0), E38="Смена ассортимента", TIME(0,15,0), E38="Переналадка формата", TIME(5,0,0), AND(ISNUMBER(F38), ISNUMBER(D38), D38>0), F38/D38/24, TRUE, "Ошибка" )} -> 2.4553571 | D38: 5600 | E38: Нектар Гранат 0,25 л ТМ «Дети» | F38: 330000 | G38: 1728 | H38: =IFERROR(Линия4[[#This Row],[Количество]]/Линия4[[#This Row],[Шт. в поддоне]], "") -> 190.97222
C39: {=_xlfn.IFS( OR(E39="CIP 1", E39="CIP1"), TIME(2,30,0), OR(E39="CIP 2", E39="CIP2"), TIME(2,30,0), OR(E39="CIP 3", E39="CIP3"), TIME(3,20,0), E39="Вытеснение", TIME(0,30,0), E39="Передача смены", TIME(0,20,0), E39="Запуск", TIME(0,30,0), E39="Смена ассортимента", TIME(0,15,0), E39="Переналадка формата", TIME(5,0,0), AND(ISNUMBER(F39), ISNUMBER(D39), D39>0), F39/D39/24, TRUE, "Ошибка" )} -> 0.13888889 | E39: CIP 3 | H39: =IFERROR(Линия4[[#This Row],[Количество]]/Линия4[[#This Row],[Шт. в поддоне]], "")
C40: {=_xlfn.IFS( OR(E40="CIP 1", E40="CIP1"), TIME(2,30,0), OR(E40="CIP 2", E40="CIP2"), TIME(2,30,0), OR(E40="CIP 3", E40="CIP3"), TIME(3,20,0), E40="Вытеснение", TIME(0,30,0), E40="Передача смены", TIME(0,20,0), E40="Запуск", TIME(0,30,0), E40="Смена ассортимента", TIME(0,15,0), E40="Переналадка формата", TIME(5,0,0), AND(ISNUMBER(F40), ISNUMBER(D40), D40>0), F40/D40/24, TRUE, "Ошибка" )} -> 0.065625 | D40: 5600 | E40: Нектар Морковь 0,33 л ТМ «Вау Мяу» | F40: 8820 | G40: 1470 | H40: =IFERROR(Линия4[[#This Row],[Количество]]/Линия4[[#This Row],[Шт. в поддоне]], "") -> 6
C41: {=_xlfn.IFS( OR(E41="CIP 1", E41="CIP1"), TIME(2,30,0), OR(E41="CIP 2", E41="CIP2"), TIME(2,30,0), OR(E41="CIP 3", E41="CIP3"), TIME(3,20,0), E41="Вытеснение", TIME(0,30,0), E41="Передача смены", TIME(0,20,0), E41="Запуск", TIME(0,30,0), E41="Смена ассортимента", TIME(0,15,0), E41="Переналадка формата", TIME(5,0,0), AND(ISNUMBER(F41), ISNUMBER(D41), D41>0), F41/D41/24, TRUE, "Ошибка" )} -> 0.010416667 | E41: Смена ассортимента | H41: =IFERROR(Линия4[[#This Row],[Количество]]/Линия4[[#This Row],[Шт. в поддоне]], "")
C42: {=_xlfn.IFS( OR(E42="CIP 1", E42="CIP1"), TIME(2,30,0), OR(E42="CIP 2", E42="CIP2"), TIME(2,30,0), OR(E42="CIP 3", E42="CIP3"), TIME(3,20,0), E42="Вытеснение", TIME(0,30,0), E42="Передача смены", TIME(0,20,0), E42="Запуск", TIME(0,30,0), E42="Смена ассортимента", TIME(0,15,0), E42="Переналадка формата", TIME(5,0,0), AND(ISNUMBER(F42), ISNUMBER(D42), D42>0), F42/D42/24, TRUE, "Ошибка" )} -> 0.0328125 | D42: 5600 | E42: Нектар Морковь 0,33 л ТМ «Baby Island» | F42: 4410 | G42: 1470 | H42: =IFERROR(Линия4[[#This Row],[Количество]]/Линия4[[#This Row],[Шт. в поддоне]], "") -> 3
C43: {=_xlfn.IFS( OR(E43="CIP 1", E43="CIP1"), TIME(2,30,0), OR(E43="CIP 2", E43="CIP2"), TIME(2,30,0), OR(E43="CIP 3", E43="CIP3"), TIME(3,20,0), E43="Вытеснение", TIME(0,30,0), E43="Передача смены", TIME(0,20,0), E43="Запуск", TIME(0,30,0), E43="Смена ассортимента", TIME(0,15,0), E43="Переналадка формата", TIME(5,0,0), AND(ISNUMBER(F43), ISNUMBER(D43), D43>0), F43/D43/24, TRUE, "Ошибка" )} -> 0.010416667 | E43: Смена ассортимента | H43: =IFERROR(Линия4[[#This Row],[Количество]]/Линия4[[#This Row],[Шт. в поддоне]], "")
C44: {=_xlfn.IFS( OR(E44="CIP 1", E44="CIP1"), TIME(2,30,0), OR(E44="CIP 2", E44="CIP2"), TIME(2,30,0), OR(E44="CIP 3", E44="CIP3"), TIME(3,20,0), E44="Вытеснение", TIME(0,30,0), E44="Передача смены", TIME(0,20,0), E44="Запуск", TIME(0,30,0), E44="Смена ассортимента", TIME(0,15,0), E44="Переналадка формата", TIME(5,0,0), AND(ISNUMBER(F44), ISNUMBER(D44), D44>0), F44/D44/24, TRUE, "Ошибка" )} -> 0.0328125 | D44: 5600 | E44: Нектар Морковь 0,33 л ТМ «Ашан Kids» | F44: 4410 | G44: 1470 | H44: =IFERROR(Линия4[[#This Row],[Количество]]/Линия4[[#This Row],[Шт. в поддоне]], "") -> 3
C45: {=_xlfn.IFS( OR(E45="CIP 1", E45="CIP1"), TIME(2,30,0), OR(E45="CIP 2", E45="CIP2"), TIME(2,30,0), OR(E45="CIP 3", E45="CIP3"), TIME(3,20,0), E45="Вытеснение", TIME(0,30,0), E45="Передача смены", TIME(0,20,0), E45="Запуск", TIME(0,30,0), E45="Смена ассортимента", TIME(0,15,0), E45="Переналадка формата", TIME(5,0,0), AND(ISNUMBER(F45), ISNUMBER(D45), D45>0), F45/D45/24, TRUE, "Ошибка" )} -> 0.010416667 | E45: Смена ассортимента | H45: =IFERROR(Линия4[[#This Row],[Количество]]/Линия4[[#This Row],[Шт. в поддоне]], "")
C46: {=_xlfn.IFS( OR(E46="CIP 1", E46="CIP1"), TIME(2,30,0), OR(E46="CIP 2", E46="CIP2"), TIME(2,30,0), OR(E46="CIP 3", E46="CIP3"), TIME(3,20,0), E46="Вытеснение", TIME(0,30,0), E46="Передача смены", TIME(0,20,0), E46="Запуск", TIME(0,30,0), E46="Смена ассортимента", TIME(0,15,0), E46="Переналадка формата", TIME(5,0,0), AND(ISNUMBER(F46), ISNUMBER(D46), D46>0), F46/D46/24, TRUE, "Ошибка" )} -> 0.3125 | D46: 5600 | E46: Нектар Морковь 0,33 л ТМ «Миша» | F46: 42000 | G46: 1470 | H46: =IFERROR(Линия4[[#This Row],[Количество]]/Линия4[[#This Row],[Шт. в поддоне]], "") -> 28.571429
C47: {=_xlfn.IFS( OR(E47="CIP 1", E47="CIP1"), TIME(2,30,0), OR(E47="CIP 2", E47="CIP2"), TIME(2,30,0), OR(E47="CIP 3", E47="CIP3"), TIME(3,20,0), E47="Вытеснение", TIME(0,30,0), E47="Передача смены", TIME(0,20,0), E47="Запуск", TIME(0,30,0), E47="Смена ассортимента", TIME(0,15,0), E47="Переналадка формата", TIME(5,0,0), AND(ISNUMBER(F47), ISNUMBER(D47), D47>0), F47/D47/24, TRUE, "Ошибка" )} -> 0.10416667 | E47: CIP2 | H47: =IFERROR(Линия4[[#This Row],[Количество]]/Линия4[[#This Row],[Шт. в поддоне]], "")
C48: {=_xlfn.IFS( OR(E48="CIP 1", E48="CIP1"), TIME(2,30,0), OR(E48="CIP 2", E48="CIP2"), TIME(2,30,0), OR(E48="CIP 3", E48="CIP3"), TIME(3,20,0), E48="Вытеснение", TIME(0,30,0), E48="Передача смены", TIME(0,20,0), E48="Запуск", TIME(0,30,0), E48="Смена ассортимента", TIME(0,15,0), E48="Переналадка формата", TIME(5,0,0), AND(ISNUMBER(F48), ISNUMBER(D48), D48>0), F48/D48/24, TRUE, "Ошибка" )} -> 0.0328125 | D48: 5600 | E48: Нектар Морковь-Яблоко-Банан 0,33 л ТМ «Вау Мяу» | F48: 4410 | G48: 1470 | H48: =IFERROR(Линия4[[#This Row],[Количество]]/Линия4[[#This Row],[Шт. в поддоне]], "") -> 3
C49: {=_xlfn.IFS( OR(E49="CIP 1", E49="CIP1"), TIME(2,30,0), OR(E49="CIP 2", E49="CIP2"), TIME(2,30,0), OR(E49="CIP 3", E49="CIP3"), TIME(3,20,0), E49="Вытеснение", TIME(0,30,0), E49="Передача смены", TIME(0,20,0), E49="Запуск", TIME(0,30,0), E49="Смена ассортимента", TIME(0,15,0), E49="Переналадка формата", TIME(5,0,0), AND(ISNUMBER(F49), ISNUMBER(D49), D49>0), F49/D49/24, TRUE, "Ошибка" )} -> 0.010416667 | E49: Смена ассортимента | H49: =IFERROR(Линия4[[#This Row],[Количество]]/Линия4[[#This Row],[Шт. в поддоне]], "")
C50: {=_xlfn.IFS( OR(E50="CIP 1", E50="CIP1"), TIME(2,30,0), OR(E50="CIP 2", E50="CIP2"), TIME(2,30,0), OR(E50="CIP 3", E50="CIP3"), TIME(3,20,0), E50="Вытеснение", TIME(0,30,0), E50="Передача смены", TIME(0,20,0), E50="Запуск", TIME(0,30,0), E50="Смена ассортимента", TIME(0,15,0), E50="Переналадка формата", TIME(5,0,0), AND(ISNUMBER(F50), ISNUMBER(D50), D50>0), F50/D50/24, TRUE, "Ошибка" )} -> 0.0328125 | D50: 5600 | E50: Нектар Морковь-Яблоко-Банан 0,33 л ТМ «Baby Island» | F50: 4410 | G50: 1470 | H50: =IFERROR(Линия4[[#This Row],[Количество]]/Линия4[[#This Row],[Шт. в поддоне]], "") -> 3
C51: {=_xlfn.IFS( OR(E51="CIP 1", E51="CIP1"), TIME(2,30,0), OR(E51="CIP 2", E51="CIP2"), TIME(2,30,0), OR(E51="CIP 3", E51="CIP3"), TIME(3,20,0), E51="Вытеснение", TIME(0,30,0), E51="Передача смены", TIME(0,20,0), E51="Запуск", TIME(0,30,0), E51="Смена ассортимента", TIME(0,15,0), E51="Переналадка формата", TIME(5,0,0), AND(ISNUMBER(F51), ISNUMBER(D51), D51>0), F51/D51/24, TRUE, "Ошибка" )} -> 0.010416667 | E51: Смена ассортимента | H51: =IFERROR(Линия4[[#This Row],[Количество]]/Линия4[[#This Row],[Шт. в поддоне]], "")
C52: {=_xlfn.IFS( OR(E52="CIP 1", E52="CIP1"), TIME(2,30,0), OR(E52="CIP 2", E52="CIP2"), TIME(2,30,0), OR(E52="CIP 3", E52="CIP3"), TIME(3,20,0), E52="Вытеснение", TIME(0,30,0), E52="Передача смены", TIME(0,20,0), E52="Запуск", TIME(0,30,0), E52="Смена ассортимента", TIME(0,15,0), E52="Переналадка формата", TIME(5,0,0), AND(ISNUMBER(F52), ISNUMBER(D52), D52>0), F52/D52/24, TRUE, "Ошибка" )} -> 0.066964286 | D52: 5600 | E52: Нектар Морковь-Яблоко-Банан 0,33 л ТМ «Миша» | F52: 9000 | G52: 1470 | H52: =IFERROR(Линия4[[#This Row],[Количество]]/Линия4[[#This Row],[Шт. в поддоне]], "") -> 6.122449
C53: {=_xlfn.IFS( OR(E53="CIP 1", E53="CIP1"), TIME(2,30,0), OR(E53="CIP 2", E53="CIP2"), TIME(2,30,0), OR(E53="CIP 3", E53="CIP3"), TIME(3,20,0), E53="Вытеснение", TIME(0,30,0), E53="Передача смены", TIME(0,20,0), E53="Запуск", TIME(0,30,0), E53="Смена ассортимента", TIME(0,15,0), E53="Переналадка формата", TIME(5,0,0), AND(ISNUMBER(F53), ISNUMBER(D53), D53>0), F53/D53/24, TRUE, "Ошибка" )} -> 0.020833333 | E53: Вытеснение | H53: =IFERROR(Линия4[[#This Row],[Количество]]/Линия4[[#This Row],[Шт. в поддоне]], "")
C54: {=_xlfn.IFS( OR(E54="CIP 1", E54="CIP1"), TIME(2,30,0), OR(E54="CIP 2", E54="CIP2"), TIME(2,30,0), OR(E54="CIP 3", E54="CIP3"), TIME(3,20,0), E54="Вытеснение", TIME(0,30,0), E54="Передача смены", TIME(0,20,0), E54="Запуск", TIME(0,30,0), E54="Смена ассортимента", TIME(0,15,0), E54="Переналадка формата", TIME(5,0,0), AND(ISNUMBER(F54), ISNUMBER(D54), D54>0), F54/D54/24, TRUE, "Ошибка" )} -> 0.0328125 | D54: 5600 | E54: Нектар Морковь-Яблоко-Персик 0,33 л ТМ «Baby Island» | F54: 4410 | G54: 1470 | H54: =IFERROR(Линия4[[#This Row],[Количество]]/Линия4[[#This Row],[Шт. в поддоне]], "") -> 3
C55: {=_xlfn.IFS( OR(E55="CIP 1", E55="CIP1"), TIME(2,30,0), OR(E55="CIP 2", E55="CIP2"), TIME(2,30,0), OR(E55="CIP 3", E55="CIP3"), TIME(3,20,0), E55="Вытеснение", TIME(0,30,0), E55="Передача смены", TIME(0,20,0), E55="Запуск", TIME(0,30,0), E55="Смена ассортимента", TIME(0,15,0), E55="Переналадка формата", TIME(5,0,0), AND(ISNUMBER(F55), ISNUMBER(D55), D55>0), F55/D55/24, TRUE, "Ошибка" )} -> 0.010416667 | E55: Смена ассортимента | H55: =IFERROR(Линия4[[#This Row],[Количество]]/Линия4[[#This Row],[Шт. в поддоне]], "")
C56: {=_xlfn.IFS( OR(E56="CIP 1", E56="CIP1"), TIME(2,30,0), OR(E56="CIP 2", E56="CIP2"), TIME(2,30,0), OR(E56="CIP 3", E56="CIP3"), TIME(3,20,0), E56="Вытеснение", TIME(0,30,0), E56="Передача смены", TIME(0,20,0), E56="Запуск", TIME(0,30,0), E56="Смена ассортимента", TIME(0,15,0), E56="Переналадка формата", TIME(5,0,0), AND(ISNUMBER(F56), ISNUMBER(D56), D56>0), F56/D56/24, TRUE, "Ошибка" )} -> 0.10119048 | D56: 5600 | E56: Нектар Морковь-Яблоко-Персик 0,33 л ТМ «Миша» | F56: 13600 | G56: 1470 | H56: =IFERROR(Линия4[[#This Row],[Количество]]/Линия4[[#This Row],[Шт. в поддоне]], "") -> 9.2517007
C57: {=_xlfn.IFS( OR(E57="CIP 1", E57="CIP1"), TIME(2,30,0), OR(E57="CIP 2", E57="CIP2"), TIME(2,30,0), OR(E57="CIP 3", E57="CIP3"), TIME(3,20,0), E57="Вытеснение", TIME(0,30,0), E57="Передача смены", TIME(0,20,0), E57="Запуск", TIME(0,30,0), E57="Смена ассортимента", TIME(0,15,0), E57="Переналадка формата", TIME(5,0,0), AND(ISNUMBER(F57), ISNUMBER(D57), D57>0), F57/D57/24, TRUE, "Ошибка" )} -> 0.020833333 | E57: Вытеснение | H57: =IFERROR(Линия4[[#This Row],[Количество]]/Линия4[[#This Row],[Шт. в поддоне]], "")
C58: {=_xlfn.IFS( OR(E58="CIP 1", E58="CIP1"), TIME(2,30,0), OR(E58="CIP 2", E58="CIP2"), TIME(2,30,0), OR(E58="CIP 3", E58="CIP3"), TIME(3,20,0), E58="Вытеснение", TIME(0,30,0), E58="Передача смены", TIME(0,20,0), E58="Запуск", TIME(0,30,0), E58="Смена ассортимента", TIME(0,15,0), E58="Переналадка формата", TIME(5,0,0), AND(ISNUMBER(F58), ISNUMBER(D58), D58>0), F58/D58/24, TRUE, "Ошибка" )} -> 0.0328125 | D58: 5600 | E58: Нектар Морковь-Яблоко-Малина 0,33 л ТМ «Baby Island» | F58: 4410 | G58: 1470 | H58: =IFERROR(Линия4[[#This Row],[Количество]]/Линия4[[#This Row],[Шт. в поддоне]], "") -> 3
C59: {=_xlfn.IFS( OR(E59="CIP 1", E59="CIP1"), TIME(2,30,0), OR(E59="CIP 2", E59="CIP2"), TIME(2,30,0), OR(E59="CIP 3", E59="CIP3"), TIME(3,20,0), E59="Вытеснение", TIME(0,30,0), E59="Передача смены", TIME(0,20,0), E59="Запуск", TIME(0,30,0), E59="Смена ассортимента", TIME(0,15,0), E59="Переналадка формата", TIME(5,0,0), AND(ISNUMBER(F59), ISNUMBER(D59), D59>0), F59/D59/24, TRUE, "Ошибка" )} -> 0.010416667 | E59: Смена ассортимента | H59: =IFERROR(Линия4[[#This Row],[Количество]]/Линия4[[#This Row],[Шт. в поддоне]], "")
C60: {=_xlfn.IFS( OR(E60="CIP 1", E60="CIP1"), TIME(2,30,0), OR(E60="CIP 2", E60="CIP2"), TIME(2,30,0), OR(E60="CIP 3", E60="CIP3"), TIME(3,20,0), E60="Вытеснение", TIME(0,30,0), E60="Передача смены", TIME(0,20,0), E60="Запуск", TIME(0,30,0), E60="Смена ассортимента", TIME(0,15,0), E60="Переналадка формата", TIME(5,0,0), AND(ISNUMBER(F60), ISNUMBER(D60), D60>0), F60/D60/24, TRUE, "Ошибка" )} -> 0.10119048 | D60: 5600 | E60: Нектар Морковь-Яблоко-Малина 0,33 л ТМ «Вау Мяу» | F60: 13600 | G60: 1470 | H60: =IFERROR(Линия4[[#This Row],[Количество]]/Линия4[[#This Row],[Шт. в поддоне]], "") -> 9.2517007
C61: {=_xlfn.IFS( OR(E61="CIP 1", E61="CIP1"), TIME(2,30,0), OR(E61="CIP 2", E61="CIP2"), TIME(2,30,0), OR(E61="CIP 3", E61="CIP3"), TIME(3,20,0), E61="Вытеснение", TIME(0,30,0), E61="Передача смены", TIME(0,20,0), E61="Запуск", TIME(0,30,0), E61="Смена ассортимента", TIME(0,15,0), E61="Переналадка формата", TIME(5,0,0), AND(ISNUMBER(F61), ISNUMBER(D61), D61>0), F61/D61/24, TRUE, "Ошибка" )} -> 0.10416667 | E61: CIP2 | H61: =IFERROR(Линия4[[#This Row],[Количество]]/Линия4[[#This Row],[Шт. в поддоне]], "")
C62: {=_xlfn.IFS( OR(E62="CIP 1", E62="CIP1"), TIME(2,30,0), OR(E62="CIP 2", E62="CIP2"), TIME(2,30,0), OR(E62="CIP 3", E62="CIP3"), TIME(3,20,0), E62="Вытеснение", TIME(0,30,0), E62="Передача смены", TIME(0,20,0), E62="Запуск", TIME(0,30,0), E62="Смена ассортимента", TIME(0,15,0), E62="Переналадка формата", TIME(5,0,0), AND(ISNUMBER(F62), ISNUMBER(D62), D62>0), F62/D62/24, TRUE, "Ошибка" )} -> 0.13392857 | D62: 5600 | E62: Нектар Тыква 0,33 л ТМ «Динозаврик ДИ» | F62: 18000 | G62: 1470 | H62: =IFERROR(Линия4[[#This Row],[Количество]]/Линия4[[#This Row],[Шт. в поддоне]], "") -> 12.244898
C63: {=_xlfn.IFS( OR(E63="CIP 1", E63="CIP1"), TIME(2,30,0), OR(E63="CIP 2", E63="CIP2"), TIME(2,30,0), OR(E63="CIP 3", E63="CIP3"), TIME(3,20,0), E63="Вытеснение", TIME(0,30,0), E63="Передача смены", TIME(0,20,0), E63="Запуск", TIME(0,30,0), E63="Смена ассортимента", TIME(0,15,0), E63="Переналадка формата", TIME(5,0,0), AND(ISNUMBER(F63), ISNUMBER(D63), D63>0), F63/D63/24, TRUE, "Ошибка" )} -> 0.020833333 | E63: Вытеснение | H63: =IFERROR(Линия4[[#This Row],[Количество]]/Линия4[[#This Row],[Шт. в поддоне]], "")
C64: {=_xlfn.IFS( OR(E64="CIP 1", E64="CIP1"), TIME(2,30,0), OR(E64="CIP 2", E64="CIP2"), TIME(2,30,0), OR(E64="CIP 3", E64="CIP3"), TIME(3,20,0), E64="Вытеснение", TIME(0,30,0), E64="Передача смены", TIME(0,20,0), E64="Запуск", TIME(0,30,0), E64="Смена ассортимента", TIME(0,15,0), E64="Переналадка формата", TIME(5,0,0), AND(ISNUMBER(F64), ISNUMBER(D64), D64>0), F64/D64/24, TRUE, "Ошибка" )} -> 0.0328125 | D64: 5600 | E64: Нектар Тыква-Апельсин 0,33 л ТМ «Spar Kids» | F64: 4410 | G64: 1470 | H64: =IFERROR(Линия4[[#This Row],[Количество]]/Линия4[[#This Row],[Шт. в поддоне]], "") -> 3
C65: {=_xlfn.IFS( OR(E65="CIP 1", E65="CIP1"), TIME(2,30,0), OR(E65="CIP 2", E65="CIP2"), TIME(2,30,0), OR(E65="CIP 3", E65="CIP3"), TIME(3,20,0), E65="Вытеснение", TIME(0,30,0), E65="Передача смены", TIME(0,20,0), E65="Запуск", TIME(0,30,0), E65="Смена ассортимента", TIME(0,15,0), E65="Переналадка формата", TIME(5,0,0), AND(ISNUMBER(F65), ISNUMBER(D65), D65>0), F65/D65/24, TRUE, "Ошибка" )} -> 0.010416667 | E65: Смена ассортимента | H65: =IFERROR(Линия4[[#This Row],[Количество]]/Линия4[[#This Row],[Шт. в поддоне]], "")
C66: {=_xlfn.IFS( OR(E66="CIP 1", E66="CIP1"), TIME(2,30,0), OR(E66="CIP 2", E66="CIP2"), TIME(2,30,0), OR(E66="CIP 3", E66="CIP3"), TIME(3,20,0), E66="Вытеснение", TIME(0,30,0), E66="Передача смены", TIME(0,20,0), E66="Запуск", TIME(0,30,0), E66="Смена ассортимента", TIME(0,15,0), E66="Переналадка формата", TIME(5,0,0), AND(ISNUMBER(F66), ISNUMBER(D66), D66>0), F66/D66/24, TRUE, "Ошибка" )} -> 0.10119048 | D66: 5600 | E66: Нектар Тыква-Апельсин 0,33 л ТМ «Динозаврик ДИ» | F66: 13600 | G66: 1470 | H66: =IFERROR(Линия4[[#This Row],[Количество]]/Линия4[[#This Row],[Шт. в поддоне]], "") -> 9.2517007
C67: {=_xlfn.IFS( OR(E67="CIP 1", E67="CIP1"), TIME(2,30,0), OR(E67="CIP 2", E67="CIP2"), TIME(2,30,0), OR(E67="CIP 3", E67="CIP3"), TIME(3,20,0), E67="Вытеснение", TIME(0,30,0), E67="Передача смены", TIME(0,20,0), E67="Запуск", TIME(0,30,0), E67="Смена ассортимента", TIME(0,15,0), E67="Переналадка формата", TIME(5,0,0), AND(ISNUMBER(F67), ISNUMBER(D67), D67>0), F67/D67/24, TRUE, "Ошибка" )} -> 0.10416667 | E67: CIP2 | H67: =IFERROR(Линия4[[#This Row],[Количество]]/Линия4[[#This Row],[Шт. в поддоне]], "")
D68: 5600 | E68: Нектар Шиповник 0,33 л | F68: 30000 | G68: 1470 | H68: =IFERROR(Линия4[[#This Row],[Количество]]/Линия4[[#This Row],[Шт. в поддоне]], "") -> 20.408163
E69: CIP 3 + Переналадка на 0,25 | H69: =IFERROR(Линия4[[#This Row],[Количество]]/Линия4[[#This Row],[Шт. в поддоне]], "")
A70: ='Линия 3'!B133 -> 46058.423 | B70: =Линия4[[#This Row],[Дата начала]]+Линия4[[#This Row],[Длительность]] -> 46058.757 | C70: =IF(E70="Вытеснение",TIME(0,30,0), IF(E70="Передача смены",TIME(0,20,0), IF(E70="Запуск",TIME(0,30,0), IF(E70="Смена ассортимента",TIME(0,15,0), IF(E70="Переналадка формата",TIME(5,0,0), IF(E70="CIP 1",TIME(2,30,0), IF(E70="CIP 2",TIME(2,30,0), IF(E70="CIP 3",TIME(3,20,0), IF(AND(ISNUMBER(F70),ISNUMBER(D70),D70>0),F70/D70/24,"Ошибка"))))))))) -> 0.33482143 | D70: 5600 | E70: Нектар Морковь 0,33 л ТМ «Вау Мяу» | F70: 45000 | G70: 1470 | H70: =IFERROR(Линия4[[#This Row],[Количество]]/Линия4[[#This Row],[Шт. в поддоне]], "") -> 30.612245
A71: =B70 -> 46058.757 | B71: =Линия4[[#This Row],[Дата начала]]+Линия4[[#This Row],[Длительность]] -> 46058.768 | C71: =IF(E71="Вытеснение",TIME(0,30,0), IF(E71="Передача смены",TIME(0,20,0), IF(E71="Запуск",TIME(0,30,0), IF(E71="Смена ассортимента",TIME(0,15,0), IF(E71="Переналадка формата",TIME(5,0,0), IF(E71="CIP 1",TIME(2,30,0), IF(E71="CIP 2",TIME(2,30,0), IF(E71="CIP 3",TIME(3,20,0), IF(AND(ISNUMBER(F71),ISNUMBER(D71),D71>0),F71/D71/24,"Ошибка"))))))))) -> 0.010416667 | E71: Смена ассортимента | H71: =IFERROR(Линия4[[#This Row],[Количество]]/Линия4[[#This Row],[Шт. в поддоне]], "")
A72: =B71 -> 46058.768 | B72: =Линия4[[#This Row],[Дата начала]]+Линия4[[#This Row],[Длительность]] -> 46058.844 | C72: =IF(E72="Вытеснение",TIME(0,30,0), IF(E72="Передача смены",TIME(0,20,0), IF(E72="Запуск",TIME(0,30,0), IF(E72="Смена ассортимента",TIME(0,15,0), IF(E72="Переналадка формата",TIME(5,0,0), IF(E72="CIP 1",TIME(2,30,0), IF(E72="CIP 2",TIME(2,30,0), IF(E72="CIP 3",TIME(3,20,0), IF(AND(ISNUMBER(F72),ISNUMBER(D72),D72>0),F72/D72/24,"Ошибка"))))))))) -> 0.0765625 | D72: 5600 | E72: Нектар Морковь 0,33 л ТМ «Spar Kids» | F72: 10290 | G72: 1470 | H72: =IFERROR(Линия4[[#This Row],[Количество]]/Линия4[[#This Row],[Шт. в поддоне]], "") -> 7
A73: =B72 -> 46058.844 | B73: =Линия4[[#This Row],[Дата начала]]+Линия4[[#This Row],[Длительность]] -> 46058.855 | C73: =IF(E73="Вытеснение",TIME(0,30,0), IF(E73="Передача смены",TIME(0,20,0), IF(E73="Запуск",TIME(0,30,0), IF(E73="Смена ассортимента",TIME(0,15,0), IF(E73="Переналадка формата",TIME(5,0,0), IF(E73="CIP 1",TIME(2,30,0), IF(E73="CIP 2",TIME(2,30,0), IF(E73="CIP 3",TIME(3,20,0), IF(AND(ISNUMBER(F73),ISNUMBER(D73),D73>0),F73/D73/24,"Ошибка"))))))))) -> 0.010416667 | E73: Смена ассортимента | H73: =IFERROR(Линия4[[#This Row],[Количество]]/Линия4[[#This Row],[Шт. в поддоне]], "")
A74: =B73 -> 46058.855 | B74: =Линия4[[#This Row],[Дата начала]]+Линия4[[#This Row],[Длительность]] -> 46058.879 | C74: =IF(E74="Вытеснение",TIME(0,30,0), IF(E74="Передача смены",TIME(0,20,0), IF(E74="Запуск",TIME(0,30,0), IF(E74="Смена ассортимента",TIME(0,15,0), IF(E74="Переналадка формата",TIME(5,0,0), IF(E74="CIP 1",TIME(2,30,0), IF(E74="CIP 2",TIME(2,30,0), IF(E74="CIP 3",TIME(3,20,0), IF(AND(ISNUMBER(F74),ISNUMBER(D74),D74>0),F74/D74/24,"Ошибка"))))))))) -> 0.023809524 | D74: 5600 | E74: Нектар Морковь 0,33 л ТМ «Ашан Kids» | F74: 3200 | G74: 1470 | H74: =IFERROR(Линия4[[#This Row],[Количество]]/Линия4[[#This Row],[Шт. в поддоне]], "") -> 2.1768707
A75: =B74 -> 46058.879 | B75: =Линия4[[#This Row],[Дата начала]]+Линия4[[#This Row],[Длительность]] -> 46058.889 | C75: =IF(E75="Вытеснение",TIME(0,30,0), IF(E75="Передача смены",TIME(0,20,0), IF(E75="Запуск",TIME(0,30,0), IF(E75="Смена ассортимента",TIME(0,15,0), IF(E75="Переналадка формата",TIME(5,0,0), IF(E75="CIP 1",TIME(2,30,0), IF(E75="CIP 2",TIME(2,30,0), IF(E75="CIP 3",TIME(3,20,0), IF(AND(ISNUMBER(F75),ISNUMBER(D75),D75>0),F75/D75/24,"Ошибка"))))))))) -> 0.010416667 | E75: Смена ассортимента | H75: =IFERROR(Линия4[[#This Row],[Количество]]/Линия4[[#This Row],[Шт. в поддоне]], "")
A76: =B75 -> 46058.889 | B76: =Линия4[[#This Row],[Дата начала]]+Линия4[[#This Row],[Длительность]] -> 46059.008 | C76: =IF(E76="Вытеснение",TIME(0,30,0), IF(E76="Передача смены",TIME(0,20,0), IF(E76="Запуск",TIME(0,30,0), IF(E76="Смена ассортимента",TIME(0,15,0), IF(E76="Переналадка формата",TIME(5,0,0), IF(E76="CIP 1",TIME(2,30,0), IF(E76="CIP 2",TIME(2,30,0), IF(E76="CIP 3",TIME(3,20,0), IF(AND(ISNUMBER(F76),ISNUMBER(D76),D76>0),F76/D76/24,"Ошибка"))))))))) -> 0.11904762 | D76: 5600 | E76: Нектар Морковь 0,33 л ТМ «Миша» | F76: 16000 | G76: 1470 | H76: =IFERROR(Линия4[[#This Row],[Количество]]/Линия4[[#This Row],[Шт. в поддоне]], "") -> 10.884354 | I76: Необходимо начать по наличию этикетки
A77: =B76 -> 46059.008 | B77: =Линия4[[#This Row],[Дата начала]]+Линия4[[#This Row],[Длительность]] -> 46059.029 | C77: =IF(E77="Вытеснение",TIME(0,30,0), IF(E77="Передача смены",TIME(0,20,0), IF(E77="Запуск",TIME(0,30,0), IF(E77="Смена ассортимента",TIME(0,15,0), IF(E77="Переналадка формата",TIME(5,0,0), IF(E77="CIP 1",TIME(2,30,0), IF(E77="CIP 2",TIME(2,30,0), IF(E77="CIP 3",TIME(3,20,0), IF(AND(ISNUMBER(F77),ISNUMBER(D77),D77>0),F77/D77/24,"Ошибка"))))))))) -> 0.020833333 | E77: Вытеснение | H77: =IFERROR(Линия4[[#This Row],[Количество]]/Линия4[[#This Row],[Шт. в поддоне]], "")
A78: =B77 -> 46059.029 | B78: =Линия4[[#This Row],[Дата начала]]+Линия4[[#This Row],[Длительность]] -> 46059.163 | C78: =IF(E78="Вытеснение",TIME(0,30,0), IF(E78="Передача смены",TIME(0,20,0), IF(E78="Запуск",TIME(0,30,0), IF(E78="Смена ассортимента",TIME(0,15,0), IF(E78="Переналадка формата",TIME(5,0,0), IF(E78="CIP 1",TIME(2,30,0), IF(E78="CIP 2",TIME(2,30,0), IF(E78="CIP 3",TIME(3,20,0), IF(AND(ISNUMBER(F78),ISNUMBER(D78),D78>0),F78/D78/24,"Ошибка"))))))))) -> 0.13392857 | D78: 5600 | E78: Нектар Морковь-Яблоко-Банан 0,33 л ТМ «Вау Мяу» | F78: 18000 | G78: 1470 | H78: =IFERROR(Линия4[[#This Row],[Количество]]/Линия4[[#This Row],[Шт. в поддоне]], "") -> 12.244898
A79: =B78 -> 46059.163 | B79: =Линия4[[#This Row],[Дата начала]]+Линия4[[#This Row],[Длительность]] -> 46059.184 | C79: =IF(E79="Вытеснение",TIME(0,30,0), IF(E79="Передача смены",TIME(0,20,0), IF(E79="Запуск",TIME(0,30,0), IF(E79="Смена ассортимента",TIME(0,15,0), IF(E79="Переналадка формата",TIME(5,0,0), IF(E79="CIP 1",TIME(2,30,0), IF(E79="CIP 2",TIME(2,30,0), IF(E79="CIP 3",TIME(3,20,0), IF(AND(ISNUMBER(F79),ISNUMBER(D79),D79>0),F79/D79/24,"Ошибка"))))))))) -> 0.020833333 | E79: Вытеснение | H79: =IFERROR(Линия4[[#This Row],[Количество]]/Линия4[[#This Row],[Шт. в поддоне]], "")
A80: =B79 -> 46059.184 | B80: =Линия4[[#This Row],[Дата начала]]+Линия4[[#This Row],[Длительность]] -> 46059.227 | C80: =IF(E80="Вытеснение",TIME(0,30,0), IF(E80="Передача смены",TIME(0,20,0), IF(E80="Запуск",TIME(0,30,0), IF(E80="Смена ассортимента",TIME(0,15,0), IF(E80="Переналадка формата",TIME(5,0,0), IF(E80="CIP 1",TIME(2,30,0), IF(E80="CIP 2",TIME(2,30,0), IF(E80="CIP 3",TIME(3,20,0), IF(AND(ISNUMBER(F80),ISNUMBER(D80),D80>0),F80/D80/24,"Ошибка"))))))))) -> 0.04375 | D80: 5600 | E80: Нектар Морковь-Яблоко-Малина 0,33 л ТМ «Миша» | F80: 5880 | G80: 1470 | H80: =IFERROR(Линия4[[#This Row],[Количество]]/Линия4[[#This Row],[Шт. в поддоне]], "") -> 4
A81: =B80 -> 46059.227 | B81: =Линия4[[#This Row],[Дата начала]]+Линия4[[#This Row],[Длительность]] -> 46059.238 | C81: =IF(E81="Вытеснение",TIME(0,30,0), IF(E81="Передача смены",TIME(0,20,0), IF(E81="Запуск",TIME(0,30,0), IF(E81="Смена ассортимента",TIME(0,15,0), IF(E81="Переналадка формата",TIME(5,0,0), IF(E81="CIP 1",TIME(2,30,0), IF(E81="CIP 2",TIME(2,30,0), IF(E81="CIP 3",TIME(3,20,0), IF(AND(ISNUMBER(F81),ISNUMBER(D81),D81>0),F81/D81/24,"Ошибка"))))))))) -> 0.010416667 | E81: Смена ассортимента | H81: =IFERROR(Линия4[[#This Row],[Количество]]/Линия4[[#This Row],[Шт. в поддоне]], "")
A82: 46055.375 | B82: =Линия4[[#This Row],[Дата начала]]+Линия4[[#This Row],[Длительность]] -> 46055.554 | C82: =IF(E82="Вытеснение",TIME(0,30,0), IF(E82="Передача смены",TIME(0,20,0), IF(E82="Запуск",TIME(0,30,0), IF(E82="Смена ассортимента",TIME(0,15,0), IF(E82="Переналадка формата",TIME(5,0,0), IF(E82="CIP 1",TIME(2,30,0), IF(E82="CIP 2",TIME(2,30,0), IF(E82="CIP 3",TIME(3,20,0), IF(AND(ISNUMBER(F82),ISNUMBER(D82),D82>0),F82/D82/24,"Ошибка"))))))))) -> 0.17857143 | D82: 5600 | E82: Нектар Морковь-Яблоко-Малина 0,33 л ТМ «Вау Мяу» | F82: 24000 | G82: 1470 | H82: =IFERROR(Линия4[[#This Row],[Количество]]/Линия4[[#This Row],[Шт. в поддоне]], "") -> 16.326531
A83: =B82 -> 46055.554 | B83: =Линия4[[#This Row],[Дата начала]]+Линия4[[#This Row],[Длительность]] -> 46055.658 | C83: =IF(E83="Вытеснение",TIME(0,30,0), IF(E83="Передача смены",TIME(0,20,0), IF(E83="Запуск",TIME(0,30,0), IF(E83="Смена ассортимента",TIME(0,15,0), IF(E83="Переналадка формата",TIME(5,0,0), IF(E83="CIP 1",TIME(2,30,0), IF(E83="CIP 2",TIME(2,30,0), IF(E83="CIP 3",TIME(3,20,0), IF(AND(ISNUMBER(F83),ISNUMBER(D83),D83>0),F83/D83/24,"Ошибка"))))))))) -> 0.10416667 | E83: CIP 2 | H83: =IFERROR(Линия4[[#This Row],[Количество]]/Линия4[[#This Row],[Шт. в поддоне]], "")
A84: =B83 -> 46055.658 | B84: =Линия4[[#This Row],[Дата начала]]+Линия4[[#This Row],[Длительность]] -> 46055.792 | C84: =IF(E84="Вытеснение",TIME(0,30,0), IF(E84="Передача смены",TIME(0,20,0), IF(E84="Запуск",TIME(0,30,0), IF(E84="Смена ассортимента",TIME(0,15,0), IF(E84="Переналадка формата",TIME(5,0,0), IF(E84="CIP 1",TIME(2,30,0), IF(E84="CIP 2",TIME(2,30,0), IF(E84="CIP 3",TIME(3,20,0), IF(AND(ISNUMBER(F84),ISNUMBER(D84),D84>0),F84/D84/24,"Ошибка"))))))))) -> 0.13392857 | D84: 5600 | E84: Нектар Банан-Клубника 0,33 л ТМ «Вау Мяу» | F84: 18000 | G84: 1470 | H84: =IFERROR(Линия4[[#This Row],[Количество]]/Линия4[[#This Row],[Шт. в поддоне]], "") -> 12.244898
A85: =B84 -> 46055.792 | B85: =Линия4[[#This Row],[Дата начала]]+Линия4[[#This Row],[Длительность]] -> 46055.931 | C85: =IF(E85="Вытеснение",TIME(0,30,0), IF(E85="Передача смены",TIME(0,20,0), IF(E85="Запуск",TIME(0,30,0), IF(E85="Смена ассортимента",TIME(0,15,0), IF(E85="Переналадка формата",TIME(5,0,0), IF(E85="CIP 1",TIME(2,30,0), IF(E85="CIP 2",TIME(2,30,0), IF(E85="CIP 3",TIME(3,20,0), IF(AND(ISNUMBER(F85),ISNUMBER(D85),D85>0),F85/D85/24,"Ошибка"))))))))) -> 0.13888889 | E85: CIP 3 | H85: =IFERROR(Линия4[[#This Row],[Количество]]/Линия4[[#This Row],[Шт. в поддоне]], "")
A86: =B85 -> 46055.931 | B86: =Линия4[[#This Row],[Дата начала]]+Линия4[[#This Row],[Длительность]] -> 46056.064 | C86: =IF(E86="Вытеснение",TIME(0,30,0), IF(E86="Передача смены",TIME(0,20,0), IF(E86="Запуск",TIME(0,30,0), IF(E86="Смена ассортимента",TIME(0,15,0), IF(E86="Переналадка формата",TIME(5,0,0), IF(E86="CIP 1",TIME(2,30,0), IF(E86="CIP 2",TIME(2,30,0), IF(E86="CIP 3",TIME(3,20,0), IF(AND(ISNUMBER(F86),ISNUMBER(D86),D86>0),F86/D86/24,"Ошибка"))))))))) -> 0.13392857 | D86: 5600 | E86: Нектар Тыква 0,33 л ТМ «Динозаврик ДИ» | F86: 18000 | G86: 1470 | H86: =IFERROR(Линия4[[#This Row],[Количество]]/Линия4[[#This Row],[Шт. в поддоне]], "") -> 12.244898
A87: =B86 -> 46056.064 | B87: =Линия4[[#This Row],[Дата начала]]+Линия4[[#This Row],[Длительность]] -> 46056.085 | C87: =IF(E87="Вытеснение",TIME(0,30,0), IF(E87="Передача смены",TIME(0,20,0), IF(E87="Запуск",TIME(0,30,0), IF(E87="Смена ассортимента",TIME(0,15,0), IF(E87="Переналадка формата",TIME(5,0,0), IF(E87="CIP 1",TIME(2,30,0), IF(E87="CIP 2",TIME(2,30,0), IF(E87="CIP 3",TIME(3,20,0), IF(AND(ISNUMBER(F87),ISNUMBER(D87),D87>0),F87/D87/24,"Ошибка"))))))))) -> 0.020833333 | E87: Вытеснение | H87: =IFERROR(Линия4[[#This Row],[Количество]]/Линия4[[#This Row],[Шт. в поддоне]], "")
A88: =B87 -> 46056.085 | B88: =Линия4[[#This Row],[Дата начала]]+Линия4[[#This Row],[Длительность]] -> 46056.123 | C88: =IF(E88="Вытеснение",TIME(0,30,0), IF(E88="Передача смены",TIME(0,20,0), IF(E88="Запуск",TIME(0,30,0), IF(E88="Смена ассортимента",TIME(0,15,0), IF(E88="Переналадка формата",TIME(5,0,0), IF(E88="CIP 1",TIME(2,30,0), IF(E88="CIP 2",TIME(2,30,0), IF(E88="CIP 3",TIME(3,20,0), IF(AND(ISNUMBER(F88),ISNUMBER(D88),D88>0),F88/D88/24,"Ошибка"))))))))) -> 0.038095238 | D88: 5600 | E88: Нектар Тыква-Манго 0,33 л ТМ «Ашан Kids» | F88: 5120 | G88: 1470 | H88: =IFERROR(Линия4[[#This Row],[Количество]]/Линия4[[#This Row],[Шт. в поддоне]], "") -> 3.4829932
A89: =B88 -> 46056.123 | B89: =Линия4[[#This Row],[Дата начала]]+Линия4[[#This Row],[Длительность]] -> 46056.134 | C89: =IF(E89="Вытеснение",TIME(0,30,0), IF(E89="Передача смены",TIME(0,20,0), IF(E89="Запуск",TIME(0,30,0), IF(E89="Смена ассортимента",TIME(0,15,0), IF(E89="Переналадка формата",TIME(5,0,0), IF(E89="CIP 1",TIME(2,30,0), IF(E89="CIP 2",TIME(2,30,0), IF(E89="CIP 3",TIME(3,20,0), IF(AND(ISNUMBER(F89),ISNUMBER(D89),D89>0),F89/D89/24,"Ошибка"))))))))) -> 0.010416667 | E89: Смена ассортимента | H89: =IFERROR(Линия4[[#This Row],[Количество]]/Линия4[[#This Row],[Шт. в поддоне]], "")
A90: =B89 -> 46056.134 | B90: =Линия4[[#This Row],[Дата начала]]+Линия4[[#This Row],[Длительность]] -> 46056.446 | C90: =IF(E90="Вытеснение",TIME(0,30,0), IF(E90="Передача смены",TIME(0,20,0), IF(E90="Запуск",TIME(0,30,0), IF(E90="Смена ассортимента",TIME(0,15,0), IF(E90="Переналадка формата",TIME(5,0,0), IF(E90="CIP 1",TIME(2,30,0), IF(E90="CIP 2",TIME(2,30,0), IF(E90="CIP 3",TIME(3,20,0), IF(AND(ISNUMBER(F90),ISNUMBER(D90),D90>0),F90/D90/24,"Ошибка"))))))))) -> 0.3125 | D90: 5600 | E90: Нектар Тыква-Манго 0,33 л ТМ «Вау Мяу» | F90: 42000 | G90: 1470 | H90: =IFERROR(Линия4[[#This Row],[Количество]]/Линия4[[#This Row],[Шт. в поддоне]], "") -> 28.571429
A91: =B100 -> 46057.699 | B91: =Линия4[[#This Row],[Дата начала]]+Линия4[[#This Row],[Длительность]] -> #VALUE! | C91: =IF(E91="Вытеснение",TIME(0,30,0), IF(E91="Передача смены",TIME(0,20,0), IF(E91="Запуск",TIME(0,30,0), IF(E91="Смена ассортимента",TIME(0,15,0), IF(E91="Переналадка формата",TIME(5,0,0), IF(E91="CIP 1",TIME(2,30,0), IF(E91="CIP 2",TIME(2,30,0), IF(E91="CIP 3",TIME(3,20,0), IF(AND(ISNUMBER(F91),ISNUMBER(D91),D91>0),F91/D91/24,"Ошибка"))))))))) -> Ошибка | H91: =IFERROR(Линия4[[#This Row],[Количество]]/Линия4[[#This Row],[Шт. в поддоне]], "")
A92: =B91 -> #VALUE! | B92: =Линия4[[#This Row],[Дата начала]]+Линия4[[#This Row],[Длительность]] -> #VALUE! | C92: =IF(E92="Вытеснение",TIME(0,30,0), IF(E92="Передача смены",TIME(0,20,0), IF(E92="Запуск",TIME(0,30,0), IF(E92="Смена ассортимента",TIME(0,15,0), IF(E92="Переналадка формата",TIME(5,0,0), IF(E92="CIP 1",TIME(2,30,0), IF(E92="CIP 2",TIME(2,30,0), IF(E92="CIP 3",TIME(3,20,0), IF(AND(ISNUMBER(F92),ISNUMBER(D92),D92>0),F92/D92/24,"Ошибка"))))))))) -> Ошибка | H92: =IFERROR(Линия4[[#This Row],[Количество]]/Линия4[[#This Row],[Шт. в поддоне]], "")
A93: =B92 -> #VALUE! | B93: =Линия4[[#This Row],[Дата начала]]+Линия4[[#This Row],[Длительность]] -> #VALUE! | C93: =IF(E93="Вытеснение",TIME(0,30,0), IF(E93="Передача смены",TIME(0,20,0), IF(E93="Запуск",TIME(0,30,0), IF(E93="Смена ассортимента",TIME(0,15,0), IF(E93="Переналадка формата",TIME(5,0,0), IF(E93="CIP 1",TIME(2,30,0), IF(E93="CIP 2",TIME(2,30,0), IF(E93="CIP 3",TIME(3,20,0), IF(AND(ISNUMBER(F93),ISNUMBER(D93),D93>0),F93/D93/24,"Ошибка"))))))))) -> Ошибка | H93: =IFERROR(Линия4[[#This Row],[Количество]]/Линия4[[#This Row],[Шт. в поддоне]], "")
A94: 46056.667 | B94: =Линия4[[#This Row],[Дата начала]]+Линия4[[#This Row],[Длительность]] -> 46056.89 | C94: =IF(E94="Вытеснение",TIME(0,30,0), IF(E94="Передача смены",TIME(0,20,0), IF(E94="Запуск",TIME(0,30,0), IF(E94="Смена ассортимента",TIME(0,15,0), IF(E94="Переналадка формата",TIME(5,0,0), IF(E94="CIP 1",TIME(2,30,0), IF(E94="CIP 2",TIME(2,30,0), IF(E94="CIP 3",TIME(3,20,0), IF(AND(ISNUMBER(F94),ISNUMBER(D94),D94>0),F94/D94/24,"Ошибка"))))))))) -> 0.22321429 | D94: 5600 | E94: Нектар Морковь 0,33 л ТМ «Миша» | F94: 30000 | G94: 1470 | H94: =IFERROR(Линия4[[#This Row],[Количество]]/Линия4[[#This Row],[Шт. в поддоне]], "") -> 20.408163
A95: =B94 -> 46056.89 | B95: =Линия4[[#This Row],[Дата начала]]+Линия4[[#This Row],[Длительность]] -> 46057.029 | C95: =IF(E95="Вытеснение",TIME(0,30,0), IF(E95="Передача смены",TIME(0,20,0), IF(E95="Запуск",TIME(0,30,0), IF(E95="Смена ассортимента",TIME(0,15,0), IF(E95="Переналадка формата",TIME(5,0,0), IF(E95="CIP 1",TIME(2,30,0), IF(E95="CIP 2",TIME(2,30,0), IF(E95="CIP 3",TIME(3,20,0), IF(AND(ISNUMBER(F95),ISNUMBER(D95),D95>0),F95/D95/24,"Ошибка"))))))))) -> 0.13888889 | E95: CIP 3 | H95: =IFERROR(Линия4[[#This Row],[Количество]]/Линия4[[#This Row],[Шт. в поддоне]], "")
A96: 46057.167 | B96: =Линия4[[#This Row],[Дата начала]]+Линия4[[#This Row],[Длительность]] -> 46057.39 | C96: =IF(E96="Вытеснение",TIME(0,30,0), IF(E96="Передача смены",TIME(0,20,0), IF(E96="Запуск",TIME(0,30,0), IF(E96="Смена ассортимента",TIME(0,15,0), IF(E96="Переналадка формата",TIME(5,0,0), IF(E96="CIP 1",TIME(2,30,0), IF(E96="CIP 2",TIME(2,30,0), IF(E96="CIP 3",TIME(3,20,0), IF(AND(ISNUMBER(F96),ISNUMBER(D96),D96>0),F96/D96/24,"Ошибка"))))))))) -> 0.22321429 | D96: 5600 | E96: Нектар Шиповник 0,33 л | F96: 30000 | G96: 1470 | H96: =IFERROR(Линия4[[#This Row],[Количество]]/Линия4[[#This Row],[Шт. в поддоне]], "") -> 20.408163
A97: =B96 -> 46057.39 | B97: =Линия4[[#This Row],[Дата начала]]+Линия4[[#This Row],[Длительность]] -> 46057.411 | C97: =IF(E97="Вытеснение",TIME(0,30,0), IF(E97="Передача смены",TIME(0,20,0), IF(E97="Запуск",TIME(0,30,0), IF(E97="Смена ассортимента",TIME(0,15,0), IF(E97="Переналадка формата",TIME(5,0,0), IF(E97="CIP 1",TIME(2,30,0), IF(E97="CIP 2",TIME(2,30,0), IF(E97="CIP 3",TIME(3,20,0), IF(AND(ISNUMBER(F97),ISNUMBER(D97),D97>0),F97/D97/24,"Ошибка"))))))))) -> 0.020833333 | E97: Вытеснение | H97: =IFERROR(Линия4[[#This Row],[Количество]]/Линия4[[#This Row],[Шт. в поддоне]], "")
A98: =B97 -> 46057.411 | B98: =Линия4[[#This Row],[Дата начала]]+Линия4[[#This Row],[Длительность]] -> 46057.545 | C98: =IF(E98="Вытеснение",TIME(0,30,0), IF(E98="Передача смены",TIME(0,20,0), IF(E98="Запуск",TIME(0,30,0), IF(E98="Смена ассортимента",TIME(0,15,0), IF(E98="Переналадка формата",TIME(5,0,0), IF(E98="CIP 1",TIME(2,30,0), IF(E98="CIP 2",TIME(2,30,0), IF(E98="CIP 3",TIME(3,20,0), IF(AND(ISNUMBER(F98),ISNUMBER(D98),D98>0),F98/D98/24,"Ошибка"))))))))) -> 0.13392857 | D98: 5600 | E98: Нектар Шиповник-Гранат 0,33 л | F98: 18000 | G98: 1470 | H98: =IFERROR(Линия4[[#This Row],[Количество]]/Линия4[[#This Row],[Шт. в поддоне]], "") -> 12.244898
A99: =B98 -> 46057.545 | B99: =Линия4[[#This Row],[Дата начала]]+Линия4[[#This Row],[Длительность]] -> 46057.565 | C99: =IF(E99="Вытеснение",TIME(0,30,0), IF(E99="Передача смены",TIME(0,20,0), IF(E99="Запуск",TIME(0,30,0), IF(E99="Смена ассортимента",TIME(0,15,0), IF(E99="Переналадка формата",TIME(5,0,0), IF(E99="CIP 1",TIME(2,30,0), IF(E99="CIP 2",TIME(2,30,0), IF(E99="CIP 3",TIME(3,20,0), IF(AND(ISNUMBER(F99),ISNUMBER(D99),D99>0),F99/D99/24,"Ошибка"))))))))) -> 0.020833333 | E99: Вытеснение | H99: =IFERROR(Линия4[[#This Row],[Количество]]/Линия4[[#This Row],[Шт. в поддоне]], "")
A100: =B99 -> 46057.565 | B100: =Линия4[[#This Row],[Дата начала]]+Линия4[[#This Row],[Длительность]] -> 46057.699 | C100: =IF(E100="Вытеснение",TIME(0,30,0), IF(E100="Передача смены",TIME(0,20,0), IF(E100="Запуск",TIME(0,30,0), IF(E100="Смена ассортимента",TIME(0,15,0), IF(E100="Переналадка формата",TIME(5,0,0), IF(E100="CIP 1",TIME(2,30,0), IF(E100="CIP 2",TIME(2,30,0), IF(E100="CIP 3",TIME(3,20,0), IF(AND(ISNUMBER(F100),ISNUMBER(D100),D100>0),F100/D100/24,"Ошибка"))))))))) -> 0.13392857 | D100: 5600 | E100: Нектар Шиповник-Клюква 0,33 л | F100: 18000 | G100: 1470 | H100: =IFERROR(Линия4[[#This Row],[Количество]]/Линия4[[#This Row],[Шт. в поддоне]], "") -> 12.244898
...

Sheet Линия 5 Сиропы
A1: Линия розлива №5 Сиропы
A2: Дата начала | B2: Дата конца | C2: Длительность | D2: Скорость | E2: Наименование | F2: Количество | G2: Шт. в поддоне | H2: Кол-во поддоном
A3: 46056.417 | B3: =IFERROR(IF(OR(Линия5[[#This Row],[Дата начала]]="", Линия5[[#This Row],[Длительность]]=""), 1/0, Линия5[[#This Row],[Дата начала]]+Линия5[[#This Row],[Длительность]]), "") -> 46056.589 | C3: =IF(E3="Вытеснение",TIME(0,30,0), IF(E3="Передача смены",TIME(0,20,0), IF(E3="Запуск",TIME(0,30,0), IF(E3="Смена ассортимента",TIME(0,15,0), IF(E3="Переналадка формата",TIME(5,0,0), IF(E3="CIP 1",TIME(0,20,0), IF(E3="CIP 2",TIME(1,30,0), IF(E3="CIP 3",TIME(3,20,0), IF(AND(ISNUMBER(F3),ISNUMBER(D3),D3>0),F3/D3/24,"Ошибка"))))))))) -> 0.17241379 | D3: 2900 | E3: Сироп Тоффи 0,25 л ТМ «Баринофф» | F3: 12000 | G3: 1368 | H3: =IFERROR(Линия5[[#This Row],[Количество]]/Линия5[[#This Row],[Шт. в поддоне]], "") -> 8.7719298
A4: =B3 -> 46056.589 | B4: =IFERROR(IF(OR(Линия5[[#This Row],[Дата начала]]="", Линия5[[#This Row],[Длительность]]=""), 1/0, Линия5[[#This Row],[Дата начала]]+Линия5[[#This Row],[Длительность]]), "") -> 46056.603 | C4: =IF(E4="Вытеснение",TIME(0,30,0), IF(E4="Передача смены",TIME(0,20,0), IF(E4="Запуск",TIME(0,30,0), IF(E4="Смена ассортимента",TIME(0,15,0), IF(E4="Переналадка формата",TIME(5,0,0), IF(E4="CIP 1",TIME(0,20,0), IF(E4="CIP 2",TIME(1,30,0), IF(E4="CIP 3",TIME(3,20,0), IF(AND(ISNUMBER(F4),ISNUMBER(D4),D4>0),F4/D4/24,"Ошибка"))))))))) -> 0.013888889 | E4: CIP 1 | H4: =IFERROR(Линия5[[#This Row],[Количество]]/Линия5[[#This Row],[Шт. в поддоне]], "")
A5: =B4 -> 46056.603 | B5: =IFERROR(IF(OR(Линия5[[#This Row],[Дата начала]]="", Линия5[[#This Row],[Длительность]]=""), 1/0, Линия5[[#This Row],[Дата начала]]+Линия5[[#This Row],[Длительность]]), "") -> 46056.689 | C5: =IF(E5="Вытеснение",TIME(0,30,0), IF(E5="Передача смены",TIME(0,20,0), IF(E5="Запуск",TIME(0,30,0), IF(E5="Смена ассортимента",TIME(0,15,0), IF(E5="Переналадка формата",TIME(5,0,0), IF(E5="CIP 1",TIME(0,20,0), IF(E5="CIP 2",TIME(1,30,0), IF(E5="CIP 3",TIME(3,20,0), IF(AND(ISNUMBER(F5),ISNUMBER(D5),D5>0),F5/D5/24,"Ошибка"))))))))) -> 0.086206897 | D5: 2900 | E5: Сироп Фисташки 0,25 л ТМ «Баринофф» | F5: 6000 | G5: 1368 | H5: =IFERROR(Линия5[[#This Row],[Количество]]/Линия5[[#This Row],[Шт. в поддоне]], "") -> 4.3859649
A6: =B5 -> 46056.689 | B6: =IFERROR(IF(OR(Линия5[[#This Row],[Дата начала]]="", Линия5[[#This Row],[Длительность]]=""), 1/0, Линия5[[#This Row],[Дата начала]]+Линия5[[#This Row],[Длительность]]), "") -> 46056.703 | C6: =IF(E6="Вытеснение",TIME(0,30,0), IF(E6="Передача смены",TIME(0,20,0), IF(E6="Запуск",TIME(0,30,0), IF(E6="Смена ассортимента",TIME(0,15,0), IF(E6="Переналадка формата",TIME(5,0,0), IF(E6="CIP 1",TIME(0,20,0), IF(E6="CIP 2",TIME(1,30,0), IF(E6="CIP 3",TIME(3,20,0), IF(AND(ISNUMBER(F6),ISNUMBER(D6),D6>0),F6/D6/24,"Ошибка"))))))))) -> 0.013888889 | E6: CIP 1 | H6: =IFERROR(Линия5[[#This Row],[Количество]]/Линия5[[#This Row],[Шт. в поддоне]], "")
A7: =B6 -> 46056.703 | B7: =IFERROR(IF(OR(Линия5[[#This Row],[Дата начала]]="", Линия5[[#This Row],[Длительность]]=""), 1/0, Линия5[[#This Row],[Дата начала]]+Линия5[[#This Row],[Длительность]]), "") -> 46056.789 | C7: =IF(E7="Вытеснение",TIME(0,30,0), IF(E7="Передача смены",TIME(0,20,0), IF(E7="Запуск",TIME(0,30,0), IF(E7="Смена ассортимента",TIME(0,15,0), IF(E7="Переналадка формата",TIME(5,0,0), IF(E7="CIP 1",TIME(0,20,0), IF(E7="CIP 2",TIME(1,30,0), IF(E7="CIP 3",TIME(3,20,0), IF(AND(ISNUMBER(F7),ISNUMBER(D7),D7>0),F7/D7/24,"Ошибка"))))))))) -> 0.086206897 | D7: 2900 | E7: Сироп Ром 0,25 л ТМ «Баринофф» | F7: 6000 | G7: 1368 | H7: =IFERROR(Линия5[[#This Row],[Количество]]/Линия5[[#This Row],[Шт. в поддоне]], "") -> 4.3859649
A8: =B7 -> 46056.789 | B8: =IFERROR(IF(OR(Линия5[[#This Row],[Дата начала]]="", Линия5[[#This Row],[Длительность]]=""), 1/0, Линия5[[#This Row],[Дата начала]]+Линия5[[#This Row],[Длительность]]), "") -> 46056.803 | C8: =IF(E8="Вытеснение",TIME(0,30,0), IF(E8="Передача смены",TIME(0,20,0), IF(E8="Запуск",TIME(0,30,0), IF(E8="Смена ассортимента",TIME(0,15,0), IF(E8="Переналадка формата",TIME(5,0,0), IF(E8="CIP 1",TIME(0,20,0), IF(E8="CIP 2",TIME(1,30,0), IF(E8="CIP 3",TIME(3,20,0), IF(AND(ISNUMBER(F8),ISNUMBER(D8),D8>0),F8/D8/24,"Ошибка"))))))))) -> 0.013888889 | E8: CIP 1 | H8: =IFERROR(Линия5[[#This Row],[Количество]]/Линия5[[#This Row],[Шт. в поддоне]], "")
A9: =B8 -> 46056.803 | B9: =IFERROR(IF(OR(Линия5[[#This Row],[Дата начала]]="", Линия5[[#This Row],[Длительность]]=""), 1/0, Линия5[[#This Row],[Дата начала]]+Линия5[[#This Row],[Длительность]]), "") -> 46056.889 | C9: =IF(E9="Вытеснение",TIME(0,30,0), IF(E9="Передача смены",TIME(0,20,0), IF(E9="Запуск",TIME(0,30,0), IF(E9="Смена ассортимента",TIME(0,15,0), IF(E9="Переналадка формата",TIME(5,0,0), IF(E9="CIP 1",TIME(0,20,0), IF(E9="CIP 2",TIME(1,30,0), IF(E9="CIP 3",TIME(3,20,0), IF(AND(ISNUMBER(F9),ISNUMBER(D9),D9>0),F9/D9/24,"Ошибка"))))))))) -> 0.086206897 | D9: 2900 | E9: Сироп Шоколад 0,25 л ТМ «Баринофф» | F9: 6000 | G9: 1368 | H9: =IFERROR(Линия5[[#This Row],[Количество]]/Линия5[[#This Row],[Шт. в поддоне]], "") -> 4.3859649
A10: =B9 -> 46056.889 | B10: =IFERROR(IF(OR(Линия5[[#This Row],[Дата начала]]="", Линия5[[#This Row],[Длительность]]=""), 1/0, Линия5[[#This Row],[Дата начала]]+Линия5[[#This Row],[Длительность]]), "") -> 46056.903 | C10: =IF(E10="Вытеснение",TIME(0,30,0), IF(E10="Передача смены",TIME(0,20,0), IF(E10="Запуск",TIME(0,30,0), IF(E10="Смена ассортимента",TIME(0,15,0), IF(E10="Переналадка формата",TIME(5,0,0), IF(E10="CIP 1",TIME(0,20,0), IF(E10="CIP 2",TIME(1,30,0), IF(E10="CIP 3",TIME(3,20,0), IF(AND(ISNUMBER(F10),ISNUMBER(D10),D10>0),F10/D10/24,"Ошибка"))))))))) -> 0.013888889 | E10: CIP 1 | H10: =IFERROR(Линия5[[#This Row],[Количество]]/Линия5[[#This Row],[Шт. в поддоне]], "")
A11: =B10 -> 46056.903 | B11: =IFERROR(IF(OR(Линия5[[#This Row],[Дата начала]]="", Линия5[[#This Row],[Длительность]]=""), 1/0, Линия5[[#This Row],[Дата начала]]+Линия5[[#This Row],[Длительность]]), "") -> 46057.076 | C11: =IF(E11="Вытеснение",TIME(0,30,0), IF(E11="Передача смены",TIME(0,20,0), IF(E11="Запуск",TIME(0,30,0), IF(E11="Смена ассортимента",TIME(0,15,0), IF(E11="Переналадка формата",TIME(5,0,0), IF(E11="CIP 1",TIME(0,20,0), IF(E11="CIP 2",TIME(1,30,0), IF(E11="CIP 3",TIME(3,20,0), IF(AND(ISNUMBER(F11),ISNUMBER(D11),D11>0),F11/D11/24,"Ошибка"))))))))) -> 0.17241379 | D11: 2900 | E11: Сироп Брауни 0,25 л ТМ «Баринофф» | F11: 12000 | G11: 1368 | H11: =IFERROR(Линия5[[#This Row],[Количество]]/Линия5[[#This Row],[Шт. в поддоне]], "") -> 8.7719298
A12: =B11 -> 46057.076 | B12: =IFERROR(IF(OR(Линия5[[#This Row],[Дата начала]]="", Линия5[[#This Row],[Длительность]]=""), 1/0, Линия5[[#This Row],[Дата начала]]+Линия5[[#This Row],[Длительность]]), "") -> 46057.138 | C12: =IF(E12="Вытеснение",TIME(0,30,0), IF(E12="Передача смены",TIME(0,20,0), IF(E12="Запуск",TIME(0,30,0), IF(E12="Смена ассортимента",TIME(0,15,0), IF(E12="Переналадка формата",TIME(5,0,0), IF(E12="CIP 1",TIME(0,20,0), IF(E12="CIP 2",TIME(1,30,0), IF(E12="CIP 3",TIME(3,20,0), IF(AND(ISNUMBER(F12),ISNUMBER(D12),D12>0),F12/D12/24,"Ошибка"))))))))) -> 0.0625 | E12: CIP 2 | H12: =IFERROR(Линия5[[#This Row],[Количество]]/Линия5[[#This Row],[Шт. в поддоне]], "")
A13: =B12 -> 46057.138 | B13: =IFERROR(IF(OR(Линия5[[#This Row],[Дата начала]]="", Линия5[[#This Row],[Длительность]]=""), 1/0, Линия5[[#This Row],[Дата начала]]+Линия5[[#This Row],[Длительность]]), "") -> 46057.224 | C13: =IF(E13="Вытеснение",TIME(0,30,0), IF(E13="Передача смены",TIME(0,20,0), IF(E13="Запуск",TIME(0,30,0), IF(E13="Смена ассортимента",TIME(0,15,0), IF(E13="Переналадка формата",TIME(5,0,0), IF(E13="CIP 1",TIME(0,20,0), IF(E13="CIP 2",TIME(1,30,0), IF(E13="CIP 3",TIME(3,20,0), IF(AND(ISNUMBER(F13),ISNUMBER(D13),D13>0),F13/D13/24,"Ошибка"))))))))) -> 0.086206897 | D13: 2900 | E13: Сироп Ваниль 0,25 л ТМ «Ашан» | F13: 6000 | G13: 1368 | H13: =IFERROR(Линия5[[#This Row],[Количество]]/Линия5[[#This Row],[Шт. в поддоне]], "") -> 4.3859649
A14: =B13 -> 46057.224 | B14: =IFERROR(IF(OR(Линия5[[#This Row],[Дата начала]]="", Линия5[[#This Row],[Длительность]]=""), 1/0, Линия5[[#This Row],[Дата начала]]+Линия5[[#This Row],[Длительность]]), "") -> 46057.238 | C14: =IF(E14="Вытеснение",TIME(0,30,0), IF(E14="Передача смены",TIME(0,20,0), IF(E14="Запуск",TIME(0,30,0), IF(E14="Смена ассортимента",TIME(0,15,0), IF(E14="Переналадка формата",TIME(5,0,0), IF(E14="CIP 1",TIME(0,20,0), IF(E14="CIP 2",TIME(1,30,0), IF(E14="CIP 3",TIME(3,20,0), IF(AND(ISNUMBER(F14),ISNUMBER(D14),D14>0),F14/D14/24,"Ошибка"))))))))) -> 0.013888889 | E14: CIP 1 | H14: =IFERROR(Линия5[[#This Row],[Количество]]/Линия5[[#This Row],[Шт. в поддоне]], "")
A15: =B14 -> 46057.238 | B15: =IFERROR(IF(OR(Линия5[[#This Row],[Дата начала]]="", Линия5[[#This Row],[Длительность]]=""), 1/0, Линия5[[#This Row],[Дата начала]]+Линия5[[#This Row],[Длительность]]), "") -> 46057.281 | C15: =IF(E15="Вытеснение",TIME(0,30,0), IF(E15="Передача смены",TIME(0,20,0), IF(E15="Запуск",TIME(0,30,0), IF(E15="Смена ассортимента",TIME(0,15,0), IF(E15="Переналадка формата",TIME(5,0,0), IF(E15="CIP 1",TIME(0,20,0), IF(E15="CIP 2",TIME(1,30,0), IF(E15="CIP 3",TIME(3,20,0), IF(AND(ISNUMBER(F15),ISNUMBER(D15),D15>0),F15/D15/24,"Ошибка"))))))))) -> 0.043103448 | D15: 2900 | E15: Сироп Айриш Крим 0,25 л ТМ «Ашан» | F15: 3000 | G15: 1368 | H15: =IFERROR(Линия5[[#This Row],[Количество]]/Линия5[[#This Row],[Шт. в поддоне]], "") -> 2.1929825
A16: =B15 -> 46057.281 | B16: =IFERROR(IF(OR(Линия5[[#This Row],[Дата начала]]="", Линия5[[#This Row],[Длительность]]=""), 1/0, Линия5[[#This Row],[Дата начала]]+Линия5[[#This Row],[Длительность]]), "") -> 46057.344 | C16: =IF(E16="Вытеснение",TIME(0,30,0), IF(E16="Передача смены",TIME(0,20,0), IF(E16="Запуск",TIME(0,30,0), IF(E16="Смена ассортимента",TIME(0,15,0), IF(E16="Переналадка формата",TIME(5,0,0), IF(E16="CIP 1",TIME(0,20,0), IF(E16="CIP 2",TIME(1,30,0), IF(E16="CIP 3",TIME(3,20,0), IF(AND(ISNUMBER(F16),ISNUMBER(D16),D16>0),F16/D16/24,"Ошибка"))))))))) -> 0.0625 | E16: CIP 2 | H16: =IFERROR(Линия5[[#This Row],[Количество]]/Линия5[[#This Row],[Шт. в поддоне]], "")
A17: =B16 -> 46057.344 | B17: =IFERROR(IF(OR(Линия5[[#This Row],[Дата начала]]="", Линия5[[#This Row],[Длительность]]=""), 1/0, Линия5[[#This Row],[Дата начала]]+Линия5[[#This Row],[Длительность]]), "") -> 46057.43 | C17: =IF(E17="Вытеснение",TIME(0,30,0), IF(E17="Передача смены",TIME(0,20,0), IF(E17="Запуск",TIME(0,30,0), IF(E17="Смена ассортимента",TIME(0,15,0), IF(E17="Переналадка формата",TIME(5,0,0), IF(E17="CIP 1",TIME(0,20,0), IF(E17="CIP 2",TIME(1,30,0), IF(E17="CIP 3",TIME(3,20,0), IF(AND(ISNUMBER(F17),ISNUMBER(D17),D17>0),F17/D17/24,"Ошибка"))))))))) -> 0.086206897 | D17: 2900 | E17: Сироп Бабл Гам 0,25 л ТМ «Баринофф» | F17: 6000 | G17: 1368 | H17: =IFERROR(Линия5[[#This Row],[Количество]]/Линия5[[#This Row],[Шт. в поддоне]], "") -> 4.3859649
A18: =B17 -> 46057.43 | B18: =IFERROR(IF(OR(Линия5[[#This Row],[Дата начала]]="", Линия5[[#This Row],[Длительность]]=""), 1/0, Линия5[[#This Row],[Дата начала]]+Линия5[[#This Row],[Длительность]]), "") -> 46057.444 | C18: =IF(E18="Вытеснение",TIME(0,30,0), IF(E18="Передача смены",TIME(0,20,0), IF(E18="Запуск",TIME(0,30,0), IF(E18="Смена ассортимента",TIME(0,15,0), IF(E18="Переналадка формата",TIME(5,0,0), IF(E18="CIP 1",TIME(0,20,0), IF(E18="CIP 2",TIME(1,30,0), IF(E18="CIP 3",TIME(3,20,0), IF(AND(ISNUMBER(F18),ISNUMBER(D18),D18>0),F18/D18/24,"Ошибка"))))))))) -> 0.013888889 | E18: CIP 1 | H18: =IFERROR(Линия5[[#This Row],[Количество]]/Линия5[[#This Row],[Шт. в поддоне]], "")
A19: =B18 -> 46057.444 | B19: =IFERROR(IF(OR(Линия5[[#This Row],[Дата начала]]="", Линия5[[#This Row],[Длительность]]=""), 1/0, Линия5[[#This Row],[Дата начала]]+Линия5[[#This Row],[Длительность]]), "") -> 46057.53 | C19: =IF(E19="Вытеснение",TIME(0,30,0), IF(E19="Передача смены",TIME(0,20,0), IF(E19="Запуск",TIME(0,30,0), IF(E19="Смена ассортимента",TIME(0,15,0), IF(E19="Переналадка формата",TIME(5,0,0), IF(E19="CIP 1",TIME(0,20,0), IF(E19="CIP 2",TIME(1,30,0), IF(E19="CIP 3",TIME(3,20,0), IF(AND(ISNUMBER(F19),ISNUMBER(D19),D19>0),F19/D19/24,"Ошибка"))))))))) -> 0.086206897 | D19: 2900 | E19: Сироп Малина 0,25 л ТМ «Баринофф» | F19: 6000 | G19: 1368 | H19: =IFERROR(Линия5[[#This Row],[Количество]]/Линия5[[#This Row],[Шт. в поддоне]], "") -> 4.3859649
A20: =B19 -> 46057.53 | B20: =IFERROR(IF(OR(Линия5[[#This Row],[Дата начала]]="", Линия5[[#This Row],[Длительность]]=""), 1/0, Линия5[[#This Row],[Дата начала]]+Линия5[[#This Row],[Длительность]]), "") -> 46057.593 | C20: =IF(E20="Вытеснение",TIME(0,30,0), IF(E20="Передача смены",TIME(0,20,0), IF(E20="Запуск",TIME(0,30,0), IF(E20="Смена ассортимента",TIME(0,15,0), IF(E20="Переналадка формата",TIME(5,0,0), IF(E20="CIP 1",TIME(0,20,0), IF(E20="CIP 2",TIME(1,30,0), IF(E20="CIP 3",TIME(3,20,0), IF(AND(ISNUMBER(F20),ISNUMBER(D20),D20>0),F20/D20/24,"Ошибка"))))))))) -> 0.0625 | E20: CIP 2 | H20: =IFERROR(Линия5[[#This Row],[Количество]]/Линия5[[#This Row],[Шт. в поддоне]], "")
A21: =B20 -> 46057.593 | B21: =IFERROR(IF(OR(Линия5[[#This Row],[Дата начала]]="", Линия5[[#This Row],[Длительность]]=""), 1/0, Линия5[[#This Row],[Дата начала]]+Линия5[[#This Row],[Длительность]]), "") -> 46057.679 | C21: =IF(E21="Вытеснение",TIME(0,30,0), IF(E21="Передача смены",TIME(0,20,0), IF(E21="Запуск",TIME(0,30,0), IF(E21="Смена ассортимента",TIME(0,15,0), IF(E21="Переналадка формата",TIME(5,0,0), IF(E21="CIP 1",TIME(0,20,0), IF(E21="CIP 2",TIME(1,30,0), IF(E21="CIP 3",TIME(3,20,0), IF(AND(ISNUMBER(F21),ISNUMBER(D21),D21>0),F21/D21/24,"Ошибка"))))))))) -> 0.086206897 | D21: 2900 | E21: Сироп Кокос 0,25 л ТМ «RIOBA» | F21: 6000 | G21: 1368 | H21: =IFERROR(Линия5[[#This Row],[Количество]]/Линия5[[#This Row],[Шт. в поддоне]], "") -> 4.3859649
A22: =B21 -> 46057.679 | B22: =IFERROR(IF(OR(Линия5[[#This Row],[Дата начала]]="", Линия5[[#This Row],[Длительность]]=""), 1/0, Линия5[[#This Row],[Дата начала]]+Линия5[[#This Row],[Длительность]]), "") -> 46057.693 | C22: =IF(E22="Вытеснение",TIME(0,30,0), IF(E22="Передача смены",TIME(0,20,0), IF(E22="Запуск",TIME(0,30,0), IF(E22="Смена ассортимента",TIME(0,15,0), IF(E22="Переналадка формата",TIME(5,0,0), IF(E22="CIP 1",TIME(0,20,0), IF(E22="CIP 2",TIME(1,30,0), IF(E22="CIP 3",TIME(3,20,0), IF(AND(ISNUMBER(F22),ISNUMBER(D22),D22>0),F22/D22/24,"Ошибка"))))))))) -> 0.013888889 | E22: CIP 1 | H22: =IFERROR(Линия5[[#This Row],[Количество]]/Линия5[[#This Row],[Шт. в поддоне]], "")
A23: =B22 -> 46057.693 | B23: =IFERROR(IF(OR(Линия5[[#This Row],[Дата начала]]="", Линия5[[#This Row],[Длительность]]=""), 1/0, Линия5[[#This Row],[Дата начала]]+Линия5[[#This Row],[Длительность]]), "") -> 46057.779 | C23: =IF(E23="Вытеснение",TIME(0,30,0), IF(E23="Передача смены",TIME(0,20,0), IF(E23="Запуск",TIME(0,30,0), IF(E23="Смена ассортимента",TIME(0,15,0), IF(E23="Переналадка формата",TIME(5,0,0), IF(E23="CIP 1",TIME(0,20,0), IF(E23="CIP 2",TIME(1,30,0), IF(E23="CIP 3",TIME(3,20,0), IF(AND(ISNUMBER(F23),ISNUMBER(D23),D23>0),F23/D23/24,"Ошибка"))))))))) -> 0.086206897 | D23: 2900 | E23: Сироп Соленая Карамель 0,25 л ТМ «RIOBA» | F23: 6000 | G23: 1368 | H23: =IFERROR(Линия5[[#This Row],[Количество]]/Линия5[[#This Row],[Шт. в поддоне]], "") -> 4.3859649
A24: 46058.458 | B24: =IFERROR(IF(OR(Линия5[[#This Row],[Дата начала]]="", Линия5[[#This Row],[Длительность]]=""), 1/0, Линия5[[#This Row],[Дата начала]]+Линия5[[#This Row],[Длительность]]), "") -> 46058.472 | C24: =IF(E24="Вытеснение",TIME(0,30,0), IF(E24="Передача смены",TIME(0,20,0), IF(E24="Запуск",TIME(0,30,0), IF(E24="Смена ассортимента",TIME(0,15,0), IF(E24="Переналадка формата",TIME(5,0,0), IF(E24="CIP 1",TIME(0,20,0), IF(E24="CIP 2",TIME(1,30,0), IF(E24="CIP 3",TIME(3,20,0), IF(AND(ISNUMBER(F24),ISNUMBER(D24),D24>0),F24/D24/24,"Ошибка"))))))))) -> 0.013888889 | E24: CIP 1 | H24: =IFERROR(Линия5[[#This Row],[Количество]]/Линия5[[#This Row],[Шт. в поддоне]], "")
A25: =B24 -> 46058.472 | B25: =IFERROR(IF(OR(Линия5[[#This Row],[Дата начала]]="", Линия5[[#This Row],[Длительность]]=""), 1/0, Линия5[[#This Row],[Дата начала]]+Линия5[[#This Row],[Длительность]]), "") -> 46058.558 | C25: =IF(E25="Вытеснение",TIME(0,30,0), IF(E25="Передача смены",TIME(0,20,0), IF(E25="Запуск",TIME(0,30,0), IF(E25="Смена ассортимента",TIME(0,15,0), IF(E25="Переналадка формата",TIME(5,0,0), IF(E25="CIP 1",TIME(0,20,0), IF(E25="CIP 2",TIME(1,30,0), IF(E25="CIP 3",TIME(3,20,0), IF(AND(ISNUMBER(F25),ISNUMBER(D25),D25>0),F25/D25/24,"Ошибка"))))))))) -> 0.086206897 | D25: 2900 | E25: Сироп Клубника 0,25 л ТМ «RIOBA» | F25: 6000 | G25: 1368 | H25: =IFERROR(Линия5[[#This Row],[Количество]]/Линия5[[#This Row],[Шт. в поддоне]], "") -> 4.3859649
A26: =B25 -> 46058.558 | B26: =IFERROR(IF(OR(Линия5[[#This Row],[Дата начала]]="", Линия5[[#This Row],[Длительность]]=""), 1/0, Линия5[[#This Row],[Дата начала]]+Линия5[[#This Row],[Длительность]]), "") -> 46058.572 | C26: =IF(E26="Вытеснение",TIME(0,30,0), IF(E26="Передача смены",TIME(0,20,0), IF(E26="Запуск",TIME(0,30,0), IF(E26="Смена ассортимента",TIME(0,15,0), IF(E26="Переналадка формата",TIME(5,0,0), IF(E26="CIP 1",TIME(0,20,0), IF(E26="CIP 2",TIME(1,30,0), IF(E26="CIP 3",TIME(3,20,0), IF(AND(ISNUMBER(F26),ISNUMBER(D26),D26>0),F26/D26/24,"Ошибка"))))))))) -> 0.013888889 | E26: CIP 1 | H26: =IFERROR(Линия5[[#This Row],[Количество]]/Линия5[[#This Row],[Шт. в поддоне]], "")
A27: =B26 -> 46058.572 | B27: =IFERROR(IF(OR(Линия5[[#This Row],[Дата начала]]="", Линия5[[#This Row],[Длительность]]=""), 1/0, Линия5[[#This Row],[Дата начала]]+Линия5[[#This Row],[Длительность]]), "") -> 46058.745 | C27: =IF(E27="Вытеснение",TIME(0,30,0), IF(E27="Передача смены",TIME(0,20,0), IF(E27="Запуск",TIME(0,30,0), IF(E27="Смена ассортимента",TIME(0,15,0), IF(E27="Переналадка формата",TIME(5,0,0), IF(E27="CIP 1",TIME(0,20,0), IF(E27="CIP 2",TIME(1,30,0), IF(E27="CIP 3",TIME(3,20,0), IF(AND(ISNUMBER(F27),ISNUMBER(D27),D27>0),F27/D27/24,"Ошибка"))))))))) -> 0.17241379 | D27: 2900 | E27: Сироп Голубой Кюрасао 0,25 л ТМ «Баринофф» | F27: 12000 | G27: 1368 | H27: =IFERROR(Линия5[[#This Row],[Количество]]/Линия5[[#This Row],[Шт. в поддоне]], "") -> 8.7719298
A28: =B27 -> 46058.745 | B28: =IFERROR(IF(OR(Линия5[[#This Row],[Дата начала]]="", Линия5[[#This Row],[Длительность]]=""), 1/0, Линия5[[#This Row],[Дата начала]]+Линия5[[#This Row],[Длительность]]), "") -> 46058.911 | C28: 0.16666667 | E28: CIP 2 + Переналадка на 1,0 л | H28: =IFERROR(Линия5[[#This Row],[Количество]]/Линия5[[#This Row],[Шт. в поддоне]], "")
A29: =B28 -> 46058.911 | B29: 46059.458 | C29: =IF(E29="Вытеснение",TIME(0,30,0), IF(E29="Передача смены",TIME(0,20,0), IF(E29="Запуск",TIME(0,30,0), IF(E29="Смена ассортимента",TIME(0,15,0), IF(E29="Переналадка формата",TIME(5,0,0), IF(E29="CIP 1",TIME(0,20,0), IF(E29="CIP 2",TIME(1,30,0), IF(E29="CIP 3",TIME(3,20,0), IF(AND(ISNUMBER(F29),ISNUMBER(D29),D29>0),F29/D29/24,"Ошибка"))))))))) -> 0.28409091 | D29: 2200 | E29: Сироп Голубой Кюрасао 1,0 л ТМ «Баринофф» | F29: 15000 | G29: 384 | H29: =IFERROR(Линия5[[#This Row],[Количество]]/Линия5[[#This Row],[Шт. в поддоне]], "") -> 39.0625
